Language	Model	Congruence_All	Congruence_VN	Congruence_VP	Congruence_V	Congruence_VProp
Old_French_2.6	6858452	0.0254817945499	0.0	0.0	0.011014553393	0.0
Indonesian_2.6	7880502	0.470283280285	1.0	1.0	0.68039579876	0.0
Japanese_2.6	2110471	0.668413592994	1.0	1.0	0.832578208678	0.0
Amharic_2.6	6867485	0.38148736306	1.0	0.0	0.309817345113	0.0
Latvian_2.6	2103935	0.729023448817	1.0	0.0	0.773974145088	0.0
Slovenian_2.6	4289143	0.363365516022	0.0	1.0	0.355813226793	1.0
Sanskrit_2.6	4689762	0.405128567243	0.0	1.0	0.396618033361	1.0
Ukrainian_2.6	3751937	0.187748631221	0.0	0.0	0.0748713724305	0.0
Latin_2.6	3670703	0.498488570636	1.0	1.0	0.494004454212	1.0
Polish_2.6	7354150	0.879415430292	1.0	1.0	0.965866502134	1.0
Gothic_2.6	3582758	0.487480106101	0.0	0.0	0.491667795813	0.0
Cantonese_2.6	8056610	0.137403736154	0.0	0.0	0.0426412378553	1.0
Ukrainian_2.6	6750044	0.755507139292	1.0	1.0	0.830243098049	1.0
Old_Russian_2.6	5995172	0.495503983619	0.0	1.0	0.451984257354	1.0
Old_French_2.6	7497395	0.705907565768	0.0	1.0	0.735182076934	1.0
North_Sami_2.6	7300669	0.236404746509	0.0	1.0	0.194886109817	0.0
Basque_2.6	1511511	0.136413763581	0.0	1.0	0.0550816515063	0.0
Turkish_2.6	35667	0.426088778043	0.0	0.0	0.203470373993	0.0
Irish_2.6	4252524	0.620166962429	1.0	0.0	0.597415269554	0.0
Welsh_2.6	7744213	0.53731714707	0.0	1.0	0.500974462366	1.0
Lithuanian_2.6	3644912	0.198200403532	0.0	0.0	0.000658111220796	0.0
Old_Russian_2.6	1867525	0.87368858238	1.0	1.0	0.997362590991	1.0
Kazakh_2.6	2202545	0.920313235195	1.0	1.0	0.972549019608	0.0
Urdu_2.6	2450625	0.587633119125	1.0	0.0	0.610677614684	1.0
Buryat_2.6	5215449	0.77491318531	1.0	1.0	0.842705997115	1.0
Hindi_2.6	5998057	0.0805213283588	0.0	0.0	0.0365809695047	0.0
Swedish_2.6	8290090	0.427660955844	1.0	0.0	0.361183071144	1.0
Ukrainian_2.6	5228157	0.597405282804	1.0	0.0	0.627259228202	0.0
Bambara_2.6	2373110	0.994703805003	1.0	1.0	0.995228547672	1.0
Sanskrit_2.6	5700440	0.947020556814	1.0	1.0	0.992	0.0
Thai_2.6	8633196	0.0803190375534	0.0	0.0	0.0	0.0
Tamil_2.6	7113582	0.0528048746401	0.0	0.0	0.0	0.0
Polish_2.6	9777787	0.823276754661	1.0	0.0	0.855736959731	1.0
Romanian_2.6	327935	0.582252164839	1.0	0.0	0.594475843549	1.0
Faroese_2.6	8202307	0.0115640785679	0.0	0.0	0.0	0.0
Gothic_2.6	52169	0.335029819192	0.0	0.0	0.156217735933	1.0
Croatian_2.6	6488703	0.752966189312	1.0	0.0	0.828903604467	1.0
Latin_2.6	5754819	0.464933222086	0.0	0.0	0.48892942469	0.0
Hindi_2.6	9558658	0.120540712566	0.0	0.0	0.0382458606725	0.0
Portuguese_2.6	1321365	0.724681758105	1.0	1.0	0.772680236925	0.0
Croatian_2.6	8609993	0.703042796375	1.0	0.0	0.770323330743	1.0
Urdu_2.6	237795	0.582624711854	1.0	1.0	0.616076753037	0.0
Czech_2.6	6233296	0.721547561873	1.0	1.0	0.737483579195	0.0
Turkish_2.6	2222886	0.611208424463	1.0	0.0	0.589450586101	0.0
Polish_2.6	8439103	0.772958363265	1.0	0.0	0.76765490016	1.0
Mbya_Guarani_2.6	1175569	0.158230207246	0.0	1.0	0.153557629727	1.0
Buryat_2.6	8645483	0.648843350783	1.0	0.0	0.696893743477	0.0
Dutch_2.6	7536727	0.245681585972	0.0	1.0	0.184054567818	0.0
Naija_2.6	6706621	0.716886868289	0.0	1.0	0.77725415677	1.0
Faroese_2.7	2124338	0.479154295208	0.0	1.0	0.466890986078	0.0
Upper_Sorbian_2.6	2312844	0.328886755141	0.0	0.0	0.168682795699	1.0
Erzya_2.6	9044290	0.262174622469	0.0	1.0	0.176809210526	0.0
Kazakh_2.6	3668355	0.316582321188	0.0	1.0	0.229557007988	1.0
Danish_2.6	4727959	0.462762517247	1.0	0.0	0.474771628904	1.0
Slovak_2.6	2726185	0.454413191302	0.0	1.0	0.473993669418	1.0
Icelandic_2.7	5424353	0.0890437590979	0.0	0.0	0.00265432385433	0.0
Ukrainian_2.6	3908567	0.352908160092	0.0	1.0	0.284155738633	1.0
Maltese_2.6	5847976	0.75521663181	1.0	1.0	0.797275660225	0.0
Swedish_2.6	2065800	0.834217898886	1.0	1.0	0.886975248696	1.0
Thai_2.6	6450370	0.673355855718	1.0	0.0	0.77376874138	0.0
Chinese_2.6	2292461	0.288566721999	0.0	0.0	0.277687298098	0.0
Basque_2.6	2791024	0.614316716438	1.0	0.0	0.666016751673	0.0
Urdu_2.6	8821134	0.113115862644	0.0	0.0	0.0256000343749	0.0
Cantonese_2.6	6625798	0.0978665667507	0.0	0.0	0.00969505178366	0.0
Bulgarian_2.6	1995431	0.100840491611	0.0	0.0	0.0246091461018	1.0
Tamil_2.6	7924814	0.591343600637	1.0	1.0	0.682221207117	1.0
Lithuanian_2.6	1326189	0.732345504236	1.0	0.0	0.779611789805	0.0
Czech_2.6	5452172	0.598765044127	1.0	0.0	0.603277994165	1.0
Tamil_2.6	9112788	0.136235570338	0.0	0.0	0.0626398210291	1.0
Thai_2.6	4690307	0.588616919617	1.0	1.0	0.587136131313	1.0
Danish_2.6	8055853	0.183242444533	0.0	0.0	0.0314579552329	1.0
Coptic_2.6	3205695	0.456121622944	1.0	0.0	0.453320761279	0.0
Norwegian_2.6	5852868	0.189675583203	0.0	0.0	0.186207075167	1.0
Old_French_2.6	7180834	0.502835174815	1.0	1.0	0.503129342695	1.0
Arabic_2.6	4419705	0.67796587734	1.0	0.0	0.723356538509	1.0
Uyghur_2.6	4612431	0.153032640069	0.0	0.0	0.00437889100352	1.0
Arabic_2.6	857214	0.228110925425	0.0	0.0	0.0594541928236	0.0
Kurmanji_2.6	3303238	0.551500806326	1.0	0.0	0.476125101892	1.0
Danish_2.6	7284831	0.162150264545	0.0	0.0	0.0499884706965	0.0
Portuguese_2.6	6034585	0.120724259317	0.0	0.0	0.0607778877933	1.0
Croatian_2.6	8729835	0.701146648009	1.0	1.0	0.733951939958	0.0
Czech_2.6	3880039	0.855138050609	1.0	0.0	0.925985912223	1.0
Bulgarian_2.6	4937975	0.784001044398	1.0	1.0	0.779746179643	1.0
Turkish_2.6	9752392	0.745436657004	1.0	1.0	0.803661264664	0.0
Akkadian_2.7	606474	0.996811902232	1.0	1.0	0.9968	1.0
Icelandic_2.6	5950232	0.56569579288	0.0	0.0	0.544684837109	1.0
Maltese_2.6	4672928	0.146090471356	0.0	0.0	0.0549850144775	1.0
Russian_2.6	2791995	0.68369682816	1.0	0.0	0.730194169948	1.0
Greek_2.6	4367203	0.777010686858	1.0	0.0	0.783292939453	1.0
Hindi_2.6	2902587	0.188744262927	0.0	0.0	0.0941450509216	1.0
Latin_2.6	7015482	0.887600144956	1.0	1.0	0.940766550523	0.0
Yoruba_2.6	2099079	0.388592961177	0.0	1.0	0.38075665164	0.0
Coptic_2.6	4465856	0.451564358511	1.0	0.0	0.448233732413	0.0
Old_French_2.6	8203900	0.504786902666	1.0	0.0	0.505521152184	1.0
Thai_2.6	1874068	0.571484697124	0.0	1.0	0.568059986374	1.0
Latin_2.6	338975	0.500433531016	0.0	0.0	0.534581272543	0.0
Sanskrit_2.6	7973102	0.401112283375	0.0	1.0	0.390973611829	1.0
Icelandic_2.6	485969	0.104498381877	0.0	0.0	0.00498132004981	0.0
Hungarian_2.6	5750572	0.122849645047	0.0	0.0	0.00775836738899	0.0
Faroese_2.7	3293251	0.76558372508	1.0	1.0	0.860453400504	0.0
Upper_Sorbian_2.6	8750965	0.819420602891	1.0	0.0	0.941035365074	1.0
North_Sami_2.6	6396539	0.911944596735	1.0	1.0	0.978968792402	0.0
Classical_Chinese_2.6	5558235	0.830670499206	1.0	1.0	0.851662819416	0.0
Turkish_2.6	6076165	0.323980775703	0.0	0.0	0.0619544566316	1.0
Turkish_2.6	4671054	0.487223960049	0.0	1.0	0.438825330439	1.0
Serbian_2.6	4159605	0.791833667566	1.0	1.0	0.893460634214	0.0
Russian_2.6	6875850	0.120222317458	0.0	0.0	0.0366000129866	1.0
Sanskrit_2.6	5931424	0.614319184123	1.0	0.0	0.655843059093	0.0
Galician_2.6	8304497	0.845567242981	1.0	1.0	0.916697309732	0.0
Norwegian_2.6	6365268	0.0899864464009	0.0	0.0	0.00383310265517	0.0
Catalan_2.6	6338998	0.270208919711	0.0	1.0	0.249480316492	0.0
Welsh_2.6	8731336	0.345520196784	0.0	1.0	0.272473122564	1.0
Galician_2.6	2733298	0.776901165654	1.0	1.0	0.841676673127	1.0
Turkish_2.7	5033257	0.656470867225	1.0	0.0	0.761231242942	1.0
Bambara_2.6	7119352	0.954143766847	1.0	1.0	0.954520574477	0.0
Kazakh_2.6	3547114	0.818770226537	1.0	0.0	0.841796875	0.0
Turkish_2.7	5675968	0.339226619406	0.0	1.0	0.311181470957	1.0
Armenian_2.6	6264305	0.173828080807	0.0	0.0	0.0040115644705	0.0
Urdu_2.6	7347211	0.411467896339	1.0	1.0	0.450571202272	0.0
Croatian_2.6	852059	0.13589178272	0.0	0.0	0.0146092625529	0.0
Naija_2.6	9306700	0.396454068187	0.0	1.0	0.381433883485	0.0
Chinese_2.6	2703676	0.135095430355	0.0	0.0	0.00295193569652	0.0
Welsh_2.6	6704649	0.704762722191	1.0	1.0	0.99266934943	1.0
Bulgarian_2.6	4890524	0.226496785364	0.0	0.0	0.000554804968486	0.0
Afrikaans_2.6	9815700	0.67741545294	0.0	0.0	0.643149428224	1.0
Coptic_2.6	6725358	0.0726681215807	0.0	0.0	0.047857540345	0.0
Latvian_2.6	6472216	0.269192234545	0.0	1.0	0.206670666206	0.0
Buryat_2.6	2595916	0.256252153793	0.0	1.0	0.103448275862	1.0
Slovenian_2.6	7143496	0.161629889313	0.0	0.0	0.0108173546903	0.0
Faroese_2.7	4846752	0.901069325687	1.0	1.0	0.998486230217	1.0
Bambara_2.6	2885110	0.00667324213236	0.0	0.0	0.00343506192366	0.0
Hindi_2.6	7929009	0.130394832694	0.0	0.0	0.0382500103064	0.0
Ancient_Greek_2.6	4001979	0.608547175842	1.0	0.0	0.642300739151	0.0
Icelandic_2.6	5734303	0.511529126214	1.0	1.0	0.524738680386	1.0
Slovak_2.6	2787077	0.145471758182	0.0	0.0	0.00107688150528	0.0
Hebrew_2.6	3560808	0.0767530548519	0.0	0.0	0.000723274989151	0.0
Maltese_2.6	2021658	0.221231849574	0.0	0.0	0.0505439609314	1.0
Arabic_2.6	1521866	0.700263351427	1.0	0.0	0.716116475634	0.0
Mbya_Guarani_2.6	2054767	0.144887676461	0.0	0.0	0.139636793127	0.0
Yoruba_2.6	7894774	0.367941298016	0.0	1.0	0.365912382807	1.0
Serbian_2.6	2925485	0.16757914903	0.0	0.0	0.00371944739639	0.0
Hindi_2.6	4865759	0.51547142413	1.0	0.0	0.491040954236	0.0
Turkish_2.6	5448473	0.591876985785	1.0	0.0	0.647179093936	0.0
Russian_2.6	7937220	0.661735087209	1.0	0.0	0.76457374126	0.0
Ukrainian_2.6	4962783	0.141692637012	0.0	0.0	0.0281426270627	1.0
Finnish_2.6	8118488	0.691083383699	1.0	0.0	0.761804469877	0.0
Breton_2.6	1237292	0.651376146789	1.0	0.0	0.676092544987	0.0
Akkadian_2.7	3252726	0.246412621715	0.0	1.0	0.238678742674	1.0
Wolof_2.6	2492364	0.808492145653	1.0	1.0	0.879761626548	1.0
Galician_2.6	696258	0.807636667935	1.0	1.0	0.870976120278	0.0
Breton_2.6	8944438	0.907795561125	1.0	1.0	0.984455958549	1.0
Chinese_2.6	6351491	0.228333453117	0.0	0.0	0.131727025928	0.0
English_2.6	6555155	0.163938901484	0.0	0.0	0.00724272989208	0.0
Irish_2.6	6251754	0.889941465247	1.0	1.0	0.955843385193	0.0
Upper_Sorbian_2.6	5742581	0.309564228875	0.0	1.0	0.105113636364	0.0
Urdu_2.6	7364347	0.501125694522	1.0	0.0	0.467855175095	0.0
Ancient_Greek_2.6	8113654	0.590026475974	1.0	0.0	0.601967848618	0.0
Turkish_2.7	1998422	0.344277480445	0.0	1.0	0.248787442762	0.0
Japanese_2.6	6554095	0.846065387817	1.0	0.0	0.932954440084	1.0
Slovenian_2.6	4082521	0.883426241175	1.0	1.0	0.983556230435	1.0
Uyghur_2.6	8127024	0.214336436156	0.0	0.0	0.0226495696676	1.0
Finnish_2.6	8543274	0.853016672503	1.0	1.0	0.956449304082	0.0
Spanish_2.6	2417283	0.608053835476	1.0	0.0	0.558739176097	0.0
Hungarian_2.6	9205303	0.780969603067	1.0	0.0	0.857167900318	1.0
Maltese_2.6	7217563	0.206581795398	0.0	0.0	0.0131058740866	0.0
Japanese_2.6	3700626	0.847550476399	1.0	1.0	0.838161039784	0.0
Dutch_2.6	7176922	0.0656988782235	0.0	0.0	0.0171703778023	0.0
Russian_2.6	9311941	0.112159182876	0.0	0.0	0.00871732252162	0.0
Faroese_2.7	9602639	0.27015546205	0.0	0.0	0.210789559602	1.0
Wolof_2.6	4316644	0.488499742563	0.0	1.0	0.48431533006	1.0
Faroese_2.6	9217774	0.810044977511	1.0	0.0	0.7775	1.0
Turkish_2.7	8413086	0.586236486076	1.0	0.0	0.690036264709	0.0
Sanskrit_2.6	4242322	0.768901496159	1.0	1.0	0.989432098765	0.0
Buryat_2.6	9369277	0.141675609666	0.0	0.0	0.0385103998007	1.0
Catalan_2.6	6239683	0.555218412938	1.0	0.0	0.546882611435	1.0
Basque_2.6	3550349	0.719847221799	1.0	1.0	0.720476713475	0.0
Galician_2.6	3980224	0.685117552158	1.0	0.0	0.717593200912	1.0
Arabic_2.6	2621557	0.213563796417	0.0	1.0	0.114628117416	0.0
Estonian_2.6	4423754	0.505472516435	1.0	0.0	0.573694034167	1.0
North_Sami_2.6	8286443	0.849082849157	1.0	1.0	0.978997289973	0.0
Hindi_2.6	3817821	0.331417461498	0.0	1.0	0.286366980184	1.0
Thai_2.6	5081378	0.0903766940387	0.0	0.0	0.00231347599769	0.0
Old_Russian_2.6	4908019	0.695494216929	1.0	1.0	0.739627233809	0.0
Italian_2.6	6608572	0.14507983779	0.0	0.0	0.0670579566294	1.0
Bambara_2.6	518899	0.990568388345	1.0	1.0	0.991094035212	1.0
Urdu_2.6	3226089	0.0787031608008	0.0	0.0	0.00612690771841	0.0
Icelandic_2.6	3810156	0.0927144012945	0.0	0.0	0.00642452319836	0.0
French_2.6	3915439	0.763531050066	1.0	1.0	0.871974896595	0.0
North_Sami_2.6	3797047	0.266283606866	0.0	1.0	0.189152542373	0.0
Italian_2.6	185377	0.61410838487	1.0	0.0	0.536132221999	1.0
Persian_2.7	6217242	0.0371318895932	0.0	0.0	0.00424405172637	0.0
Latin_2.6	5212671	0.503611996684	0.0	0.0	0.508904907097	0.0
Serbian_2.6	3707102	0.568388059872	1.0	0.0	0.570567351124	1.0
French_2.6	3557385	0.492101141435	1.0	1.0	0.470730334789	1.0
Turkish_2.7	3224427	0.704809587479	1.0	1.0	0.856158184318	0.0
Belarusian_2.6	632858	0.0853159283433	0.0	0.0	0.012062321997	0.0
Buryat_2.6	7615436	0.133263891449	0.0	0.0	0.0210865790127	0.0
Russian_2.6	554945	0.545425704723	1.0	1.0	0.55273433222	1.0
Chinese_2.6	4197895	0.269562576119	0.0	1.0	0.137389122938	1.0
Japanese_2.6	394224	0.828758284509	1.0	0.0	0.835184226149	1.0
Hindi_2.6	5441806	0.651917439763	1.0	0.0	0.679434516726	1.0
North_Sami_2.6	3189822	0.13141852329	0.0	0.0	0.00140795494544	0.0
Icelandic_2.7	8372498	0.594725051665	1.0	0.0	0.617989490654	1.0
Romanian_2.6	3976745	0.636431716964	1.0	0.0	0.646528294079	0.0
Erzya_2.6	5366467	0.878755242644	1.0	1.0	0.988358006087	1.0
Latvian_2.6	444704	0.0803059401115	0.0	0.0	0.0015368852459	0.0
Belarusian_2.6	6629748	0.584879166984	1.0	0.0	0.574161767259	1.0
Chinese_2.6	6331804	0.369432444394	0.0	0.0	0.273451602626	1.0
Croatian_2.6	3748481	0.272035504939	0.0	0.0	0.196176225533	1.0
Old_Church_Slavonic_2.6	211185	0.463367163784	1.0	0.0	0.451788098725	1.0
Ancient_Greek_2.6	2764062	0.707030030481	1.0	0.0	0.71914650322	1.0
Urdu_2.6	2362011	0.165459284263	0.0	0.0	0.100184328102	1.0
Cantonese_2.6	4348759	0.73966257634	0.0	1.0	0.789407313997	1.0
Irish_2.6	9240898	0.71143258103	1.0	0.0	0.687568310629	1.0
Czech_2.6	6527927	0.745705795292	1.0	0.0	0.765350789214	1.0
Upper_Sorbian_2.6	8421984	0.910331339513	1.0	1.0	0.954285714286	0.0
Lithuanian_2.6	8798825	0.405254564806	0.0	0.0	0.329812522568	0.0
Latvian_2.6	6056187	0.123999624968	0.0	0.0	0.0359211977909	1.0
Russian_2.6	7560872	0.118015555357	0.0	0.0	0.0107046677286	0.0
Kurmanji_2.6	8412209	0.596628723805	1.0	0.0	0.482684626498	0.0
Estonian_2.6	4949002	0.616129652713	1.0	0.0	0.696960833827	1.0
Latvian_2.6	2136991	0.585867085039	1.0	0.0	0.529034833748	0.0
Finnish_2.6	40674	0.592485033103	1.0	0.0	0.537560050534	0.0
Croatian_2.6	6121553	0.547930033755	1.0	0.0	0.571281315173	1.0
Tamil_2.6	5617785	0.0952511389999	0.0	0.0	0.0648769574944	1.0
Gothic_2.6	5078626	0.854083140818	1.0	1.0	0.933869544092	0.0
Spanish_2.6	8021408	0.090899115202	0.0	0.0	0.00253663687664	0.0
Estonian_2.6	4397509	0.655951648397	1.0	0.0	0.570181069734	0.0
Faroese_2.7	486136	0.23885344369	1.0	0.0	0.209432048682	0.0
Slovak_2.6	463550	0.926189007954	1.0	1.0	0.994119990417	1.0
Irish_2.6	3475958	0.718584025603	1.0	1.0	0.727869571659	0.0
Scottish_Gaelic_2.6	1507880	0.15757694967	0.0	0.0	0.0339620665858	1.0
Catalan_2.6	3079496	0.428111369774	0.0	0.0	0.418508779215	0.0
Kazakh_2.6	3060967	0.439840096884	0.0	0.0	0.387107771684	0.0
Portuguese_2.6	5564382	0.304267012509	0.0	1.0	0.183890132746	1.0
Slovenian_2.6	5797611	0.84316333743	1.0	1.0	0.942125551608	1.0
Thai_2.6	7720547	0.108850232965	0.0	0.0	0.00115673799884	0.0
Slovenian_2.6	5123984	0.23616023963	0.0	0.0	0.0869786171544	1.0
Belarusian_2.6	7837560	0.563569252402	1.0	0.0	0.580859418373	1.0
Italian_2.6	9245163	0.0557752350537	0.0	0.0	0.0103567343138	0.0
Icelandic_2.6	1175430	0.185218446602	0.0	0.0	0.113210664091	0.0
Irish_2.6	1742969	0.450697830675	0.0	1.0	0.303631403501	1.0
Hebrew_2.6	793987	0.0904901665287	0.0	0.0	0.0174041429981	0.0
Portuguese_2.6	4873875	0.742713693532	1.0	1.0	0.747959160844	1.0
Ukrainian_2.6	5265146	0.882773671869	1.0	1.0	0.99967564061	1.0
Old_French_2.6	5303818	0.284740159504	1.0	0.0	0.261022449662	0.0
Turkish_2.7	908560	0.446594558078	0.0	0.0	0.462140879513	0.0
Wolof_2.6	2304770	0.716292586244	0.0	1.0	0.750583839327	0.0
Old_Russian_2.6	8664246	0.604016645901	1.0	1.0	0.560167355945	0.0
Old_French_2.6	7908829	0.304614734423	1.0	0.0	0.272242862391	0.0
Scottish_Gaelic_2.6	1683118	0.196895389775	0.0	0.0	0.0396763554654	1.0
Catalan_2.6	6150141	0.679025333728	1.0	0.0	0.727584540573	1.0
Estonian_2.6	1156326	0.951436387572	1.0	1.0	0.993685962152	1.0
Swedish_2.6	3280455	0.0666502607823	0.0	0.0	0.0090847486293	0.0
Galician_2.6	2807085	0.0633381590978	0.0	0.0	0.0279764848177	0.0
Estonian_2.6	4697493	0.919024253697	1.0	1.0	0.990197892465	1.0
Gothic_2.6	3708245	0.530035522709	0.0	1.0	0.546214598349	1.0
Hindi_2.6	5014999	0.675517677326	1.0	0.0	0.714817558164	1.0
Coptic_2.6	1832951	0.535096066065	0.0	1.0	0.53940912896	0.0
Lithuanian_2.6	8542980	0.257360514455	0.0	1.0	0.110375379606	0.0
Portuguese_2.6	6662560	0.227695578783	0.0	1.0	0.191134965745	1.0
Italian_2.6	9489360	0.406728059028	0.0	1.0	0.321571625338	1.0
Basque_2.6	2235738	0.365602764067	0.0	0.0	0.340108817008	0.0
Bambara_2.6	9858316	0.975696269049	1.0	1.0	0.976203191757	0.0
Hindi_2.6	5307139	0.275974510153	0.0	1.0	0.244142101496	0.0
Lithuanian_2.6	2660499	0.57494165731	1.0	0.0	0.736396044948	1.0
Upper_Sorbian_2.6	7180229	0.797768713281	1.0	0.0	0.898042929293	1.0
Chinese_2.6	7856557	0.142478057973	0.0	0.0	0.00109387615854	0.0
Kurmanji_2.6	9218283	0.538084043491	1.0	0.0	0.469750231267	0.0
Amharic_2.6	8171894	0.0628384132136	0.0	0.0	0.00373831775701	0.0
Upper_Sorbian_2.6	2296777	0.157646835923	0.0	0.0	0.12160003651	1.0
Classical_Chinese_2.6	7656639	0.208671823998	0.0	1.0	0.191368139398	0.0
Indonesian_2.6	2514145	0.313575442627	0.0	1.0	0.0913335947575	0.0
Turkish_2.6	5990114	0.533839480751	1.0	0.0	0.57486581002	0.0
Coptic_2.6	4854007	0.186617760778	1.0	0.0	0.153541402887	0.0
Old_Church_Slavonic_2.6	7588221	0.698967668061	1.0	1.0	0.749548877939	1.0
Ukrainian_2.6	8430142	0.903224233516	1.0	1.0	0.991112375301	1.0
Catalan_2.6	4822762	0.0162951202771	0.0	0.0	0.00038446799942	0.0
Japanese_2.6	471776	0.737629062836	1.0	1.0	0.891801640337	0.0
Welsh_2.6	825035	0.551069304851	1.0	0.0	0.500941083485	1.0
Erzya_2.6	6958690	0.740913811007	1.0	0.0	0.788314454091	0.0
Belarusian_2.6	4038190	0.802167127668	1.0	1.0	0.831085223789	1.0
Akkadian_2.7	3168128	0.662029187725	1.0	0.0	0.676472036673	1.0
Amharic_2.6	7648212	0.392110841914	1.0	0.0	0.302431610942	1.0
Indonesian_2.6	2315514	0.216037201729	0.0	0.0	0.0131037005404	0.0
Irish_2.6	6804122	0.767768300451	1.0	0.0	0.761631764158	1.0
Uyghur_2.6	5969822	0.763592917755	1.0	0.0	0.785778534563	1.0
Hindi_2.6	8215014	0.180947949351	0.0	0.0	0.0932418750223	1.0
Arabic_2.6	6744847	0.199942895187	0.0	1.0	0.0434480777463	0.0
Indonesian_2.6	6233580	0.15131504209	0.0	0.0	0.0036167364535	0.0
Scottish_Gaelic_2.6	9047111	0.500333395901	1.0	1.0	0.966338259442	0.0
Icelandic_2.6	7467790	0.0153074433657	0.0	0.0	0.00373599003736	0.0
Bulgarian_2.6	139164	0.645694772631	1.0	0.0	0.582783597575	0.0
Galician_2.6	5127803	0.526271048024	1.0	1.0	0.529881651284	1.0
Belarusian_2.6	5202799	0.744857117302	1.0	0.0	0.770267581649	0.0
Romanian_2.6	2722869	0.897253363766	1.0	1.0	0.991696449114	1.0
Uyghur_2.6	3582840	0.826908592948	1.0	1.0	0.972557850916	1.0
Yoruba_2.6	4543699	0.0806241090386	0.0	0.0	0.0105757931845	0.0
Norwegian_2.6	3227084	0.116399305516	0.0	0.0	0.00429574198431	0.0
Danish_2.6	869722	0.504095615901	0.0	1.0	0.510395622772	0.0
Catalan_2.6	8262905	0.55747344819	1.0	0.0	0.569767352532	0.0
Tamil_2.6	8944167	0.217170249043	0.0	0.0	0.0827506237043	1.0
Icelandic_2.7	2841080	0.427565640139	1.0	1.0	0.406741463569	0.0
Urdu_2.6	1593048	0.155608122717	0.0	0.0	0.0794821725609	1.0
Sanskrit_2.6	2751543	0.885848548695	1.0	1.0	0.990682440631	0.0
Japanese_2.6	5710552	0.698371832229	1.0	0.0	0.851686010741	0.0
Catalan_2.6	9538597	0.0709405685243	0.0	0.0	0.0109474692322	0.0
North_Sami_2.6	6770430	0.483217093026	1.0	1.0	0.50554596887	0.0
Amharic_2.6	6804713	0.0513961860844	0.0	0.0	0.0213658593569	1.0
Bambara_2.6	1313285	0.298655602078	1.0	0.0	0.299409104727	0.0
Cantonese_2.6	4262751	0.627470932205	0.0	0.0	0.640127288374	0.0
North_Sami_2.6	3872442	0.540406140628	1.0	1.0	0.55788237059	0.0
Faroese_2.6	1138472	0.54347826087	0.0	0.0	0.0	0.0
Gothic_2.6	8530779	0.566306409684	1.0	0.0	0.558409755996	0.0
Slovenian_2.6	5103282	0.902268284993	1.0	1.0	0.928293675901	1.0
Czech_2.6	4843784	0.78677919781	1.0	1.0	0.801418840848	0.0
Hebrew_2.6	3283028	0.186177706311	0.0	1.0	0.104909693925	0.0
Ancient_Greek_2.6	7149759	0.954392253456	1.0	1.0	0.999397961451	1.0
Dutch_2.6	5763089	0.457428738373	0.0	0.0	0.464926643898	0.0
Galician_2.6	7200791	0.411821205443	0.0	0.0	0.425280832188	0.0
Spanish_2.6	8619237	0.12920803474	0.0	0.0	0.0542778107149	1.0
Faroese_2.7	5268910	0.24317162973	0.0	0.0	0.010095911156	0.0
Old_Russian_2.6	7007483	0.924508641616	1.0	1.0	0.994357427765	1.0
Latin_2.6	4758174	0.898081375021	1.0	1.0	0.966418192026	1.0
Sanskrit_2.6	6905813	0.547963827041	1.0	1.0	0.519642706246	0.0
Scottish_Gaelic_2.6	8134615	0.146174077915	0.0	0.0	0.0429914589184	1.0
Old_Church_Slavonic_2.6	4807479	0.695136877568	1.0	1.0	0.788287502486	1.0
Afrikaans_2.6	7208966	0.129506661647	0.0	0.0	0.0102157063086	1.0
Amharic_2.6	7365500	0.187996162167	0.0	0.0	0.119895413357	1.0
Ancient_Greek_2.6	9021183	0.901569989868	1.0	1.0	0.975157677493	0.0
Wolof_2.6	6271645	0.90745268388	1.0	1.0	0.929792508071	0.0
Faroese_2.7	376390	0.506975509442	0.0	1.0	0.48383539565	0.0
Old_Russian_2.6	4069403	0.93394525842	1.0	1.0	0.983574548194	1.0
Hebrew_2.6	398883	0.199573251956	0.0	0.0	0.0553365210419	1.0
Finnish_2.6	260572	0.143594841769	0.0	0.0	0.0396914597562	1.0
Finnish_2.6	8585853	0.773841164923	1.0	0.0	0.821107235164	1.0
Icelandic_2.7	651922	0.0795799473544	0.0	0.0	0.00622824910608	0.0
Latin_2.6	2603979	0.481453939465	0.0	0.0	0.490401238841	1.0
Kurmanji_2.6	6061833	0.435582822086	1.0	0.0	0.474694589878	0.0
Old_French_2.6	222628	0.833233722569	1.0	1.0	0.877034725593	0.0
Thai_2.6	6924370	0.275690148742	0.0	0.0	0.23486317604	1.0
Yoruba_2.6	3108771	0.0931308663816	0.0	0.0	0.0414354289401	0.0
Gothic_2.6	9273551	0.477195086925	1.0	0.0	0.468440893122	0.0
Russian_2.6	9075732	0.375089330879	0.0	1.0	0.309461571526	1.0
Czech_2.6	7822058	0.705070986058	1.0	0.0	0.737442501185	1.0
Gothic_2.6	5072085	0.836436703716	1.0	1.0	0.959395690849	0.0
Slovenian_2.6	5688435	0.897457311024	1.0	1.0	0.954496469149	0.0
Indonesian_2.6	1490481	0.172840152282	0.0	0.0	0.00576246366121	0.0
Greek_2.6	4065430	0.205575728904	0.0	1.0	0.227113493651	0.0
Bulgarian_2.6	7515270	0.200055280509	0.0	0.0	0.0	0.0
Cantonese_2.6	1281285	0.0845552419254	0.0	0.0	0.0339741651186	1.0
Estonian_2.6	189653	0.842001419296	1.0	1.0	0.998280926884	1.0
Hungarian_2.6	4124256	0.881139866474	1.0	1.0	0.997059078314	1.0
Cantonese_2.6	5304405	0.804333016171	1.0	1.0	0.92809956437	1.0
Upper_Sorbian_2.6	9902061	0.220516366989	0.0	0.0	0.014367816092	0.0
Breton_2.6	3097440	0.695441072689	1.0	0.0	0.666107916148	1.0
Urdu_2.6	4720759	0.183979849041	0.0	0.0	0.0807710078389	1.0
North_Sami_2.6	1569105	0.13323412571	0.0	0.0	0.0101966960786	0.0
Kurmanji_2.6	5823370	0.757877664504	1.0	1.0	0.984442349851	0.0
Latin_2.6	5125500	0.55050154126	1.0	0.0	0.503323812988	1.0
Tamil_2.6	36563	0.545037314476	1.0	1.0	0.54945320949	1.0
Irish_2.6	6378973	0.550922831131	1.0	0.0	0.741316254995	0.0
Ancient_Greek_2.6	9838245	0.870022428424	1.0	1.0	0.909371592941	0.0
Polish_2.6	8248284	0.780642958906	1.0	0.0	0.77553328072	1.0
Hungarian_2.6	6008281	0.85432512384	1.0	1.0	0.994537535748	1.0
Persian_2.7	7856406	0.897965452104	1.0	1.0	0.997103563165	1.0
Old_French_2.6	9979879	0.502858637886	1.0	1.0	0.503515235325	0.0
Dutch_2.6	6912040	0.15091441737	0.0	0.0	0.0651760760201	1.0
Amharic_2.6	1467304	0.204399558267	1.0	0.0	0.206538661131	1.0
Serbian_2.6	4019552	0.0625924851349	0.0	0.0	0.0089139210588	0.0
French_2.6	4239797	0.391137031928	0.0	1.0	0.439733418161	0.0
Turkish_2.7	889054	0.535383234631	1.0	1.0	0.612941203025	1.0
Danish_2.6	3232917	0.310742259973	0.0	1.0	0.244242244728	1.0
Breton_2.6	9957451	0.387521559523	0.0	0.0	0.352306746763	1.0
Thai_2.6	2324642	0.282750391004	0.0	0.0	0.223757706134	0.0
Old_Church_Slavonic_2.6	7898050	0.744249042389	1.0	0.0	0.777628258471	0.0
Spanish_2.6	7226925	0.145143814139	0.0	0.0	0.0608163196876	1.0
Polish_2.6	7904152	0.892817465666	1.0	1.0	0.995514278813	1.0
Scottish_Gaelic_2.6	9263219	0.184828376151	0.0	0.0	0.052928812268	1.0
Coptic_2.6	9146954	0.209507258272	1.0	0.0	0.180709205515	0.0
Persian_2.7	6636653	0.137182274082	0.0	0.0	0.0305644364245	1.0
Kazakh_2.6	2407932	0.219366378634	0.0	0.0	0.0215264187867	0.0
Danish_2.6	947071	0.0511273592208	0.0	0.0	0.00946326423908	0.0
Latin_2.6	2214530	0.180469716217	0.0	0.0	0.0143065214821	0.0
Portuguese_2.6	153619	0.152196463971	0.0	1.0	0.123565057888	0.0
Hebrew_2.6	1762362	0.103253834599	0.0	0.0	0.00460737804454	0.0
Norwegian_2.6	2726220	0.215349910369	0.0	0.0	0.172676294092	0.0
Bambara_2.6	6043019	0.0072370233322	0.0	0.0	0.0039963322786	0.0
Faroese_2.7	3941070	0.424889319254	0.0	1.0	0.399296020002	0.0
Classical_Chinese_2.6	1080097	0.144727691518	0.0	0.0	0.0695466053815	0.0
Old_Church_Slavonic_2.6	3043969	0.507500637798	0.0	1.0	0.512714031527	1.0
Ukrainian_2.6	9214505	0.76239779153	1.0	0.0	0.797734126422	1.0
Belarusian_2.6	3574017	0.590395480226	1.0	1.0	0.556095679795	1.0
Yoruba_2.6	4077167	0.386352060457	0.0	1.0	0.370335964575	1.0
Erzya_2.6	4397543	0.674191851762	1.0	0.0	0.725489244686	0.0
Italian_2.6	4555544	0.169248610057	0.0	0.0	0.0463421054777	0.0
Czech_2.6	4510530	0.610608259682	1.0	1.0	0.643936225145	0.0
Serbian_2.6	1266256	0.689756286117	1.0	0.0	0.735989672397	1.0
Spanish_2.6	9781074	0.138982959452	0.0	0.0	0.0684518353604	1.0
Cantonese_2.6	7117813	0.865280916832	1.0	1.0	0.948677598289	0.0
Croatian_2.6	7700222	0.237446039093	0.0	0.0	0.0739594481935	0.0
Norwegian_2.6	3739565	0.438698261583	1.0	1.0	0.398014229322	0.0
Ancient_Greek_2.6	2859182	0.120783936068	0.0	0.0	0.0420781610203	0.0
Icelandic_2.6	4214762	0.629975728155	1.0	0.0	0.716655653544	1.0
Croatian_2.6	4590313	0.636028654392	1.0	1.0	0.792549029001	1.0
Basque_2.6	7516324	0.660895812838	1.0	1.0	0.673525088945	1.0
Breton_2.6	8875828	0.967655869687	1.0	1.0	0.994878386395	1.0
Korean_2.6	9160573	0.332173884733	0.0	0.0	0.00091961296264	0.0
Latvian_2.6	2422438	0.936001850711	1.0	1.0	0.984792535583	1.0
Spanish_2.6	8883602	0.675218554602	1.0	1.0	0.741868810371	1.0
Faroese_2.7	1226246	0.50932199322	1.0	0.0	0.521233569262	1.0
Bulgarian_2.6	3583393	0.315556048683	0.0	1.0	0.211042787319	1.0
Italian_2.6	5969981	0.623265313423	1.0	0.0	0.648304982964	1.0
Danish_2.6	6062493	0.627960586043	1.0	0.0	0.659163208055	1.0
Uyghur_2.6	1394239	0.204008932333	0.0	1.0	0.157424674018	1.0
Naija_2.6	7428441	0.0963582594431	0.0	0.0	0.0536365818792	1.0
North_Sami_2.6	5319492	0.970495950057	1.0	1.0	0.978997289973	0.0
Arabic_2.6	6412081	0.504919406661	0.0	0.0	0.0575439174436	0.0
Kurmanji_2.6	7802899	0.403515159539	1.0	0.0	0.476583013734	0.0
Wolof_2.6	8384309	0.74126008029	0.0	1.0	0.748962030667	0.0
Finnish_2.6	4657922	0.146300703913	0.0	0.0	0.0395790058933	1.0
French_2.6	9006819	0.792453732685	1.0	1.0	0.874786963044	0.0
Hebrew_2.6	2070721	0.141240415899	0.0	0.0	0.0692590872458	1.0
Yoruba_2.6	9022952	0.0651514728354	0.0	0.0	0.0116763848397	0.0
Czech_2.6	7697682	0.169787545469	0.0	0.0	0.0659457629911	1.0
Cantonese_2.6	1213646	0.592139077853	0.0	0.0	0.634264313113	0.0
Portuguese_2.6	7061891	0.215024553329	0.0	0.0	0.0765967609982	1.0
Wolof_2.6	8317735	0.510760423785	1.0	0.0	0.51737923521	1.0
Lithuanian_2.6	1234033	0.262658795972	0.0	1.0	0.116340612851	0.0
Thai_2.6	971513	0.185088367277	0.0	0.0	0.0546558704453	0.0
Breton_2.6	4053279	0.251598465473	0.0	0.0	0.220432061644	0.0
Swedish_2.6	929069	0.523998883027	0.0	1.0	0.558281426209	1.0
Portuguese_2.6	8536121	0.0241363731019	0.0	0.0	0.00262298360637	0.0
Erzya_2.6	1870581	0.155544088208	0.0	0.0	0.0763384109728	1.0
Maltese_2.6	1474021	0.358038634117	0.0	0.0	0.301805439284	1.0
Akkadian_2.7	9596246	0.887549317796	1.0	0.0	0.890133333333	1.0
Estonian_2.6	5651729	0.880121452965	1.0	1.0	0.994602233495	1.0
Russian_2.6	8303012	0.225416464564	0.0	1.0	0.166294858597	0.0
Upper_Sorbian_2.6	7299767	0.767634854772	1.0	0.0	0.85593220339	0.0
Welsh_2.6	1183552	0.162749347337	0.0	1.0	0.262550737022	1.0
Norwegian_2.6	9186372	0.725150344959	1.0	0.0	0.749174771439	1.0
Ancient_Greek_2.6	2793542	0.752848292492	1.0	1.0	0.761201703227	0.0
Catalan_2.6	9671578	0.0886189842712	0.0	0.0	0.0432554972494	1.0
Polish_2.6	8701247	0.311951073528	0.0	1.0	0.220142840521	1.0
English_2.6	1891567	0.0946835134075	0.0	0.0	0.0742489653102	1.0
Lithuanian_2.6	8179859	0.124615877081	0.0	0.0	0.0200445434298	1.0
Swedish_2.6	9480937	0.89517020043	1.0	1.0	0.965485147826	0.0
Maltese_2.6	5222965	0.148306730874	0.0	0.0	0.00947924981177	0.0
Kurmanji_2.6	6138331	0.760658016682	1.0	0.0	0.814589665653	1.0
Norwegian_2.6	8952869	0.171758922326	0.0	0.0	0.0306785786714	0.0
Mbya_Guarani_2.6	3708406	0.644037682071	1.0	1.0	0.647943363096	1.0
Finnish_2.6	3397073	0.0945239811891	0.0	0.0	0.0021891809376	0.0
Greek_2.6	431871	0.173310454809	0.0	0.0	0.0529413739526	0.0
Slovak_2.6	6040721	0.546965734757	1.0	0.0	0.562491923639	1.0
Polish_2.6	3428483	0.20715244791	0.0	0.0	0.0384532871897	0.0
Hebrew_2.6	9092382	0.387280225262	0.0	1.0	0.314101261807	1.0
French_2.6	8958257	0.159610746886	0.0	0.0	0.0156888365028	0.0
Naija_2.6	3643228	0.559765492288	0.0	0.0	0.56918628794	1.0
Indonesian_2.6	8840299	0.0987672944546	0.0	0.0	0.0031300173679	0.0
Classical_Chinese_2.6	1680655	0.929105140505	1.0	1.0	0.945539460598	1.0
Indonesian_2.6	7737983	0.110771532808	0.0	0.0	0.00852902652779	0.0
Classical_Chinese_2.6	6010494	0.321594957848	0.0	1.0	0.301618787874	1.0
Uyghur_2.6	4045367	0.455247743422	0.0	0.0	0.375484850765	0.0
Bambara_2.6	9851455	0.988954681639	1.0	1.0	0.989473601074	1.0
Hindi_2.6	5364810	0.713999408078	1.0	0.0	0.741173514598	0.0
Kurmanji_2.6	9415889	0.502730866371	0.0	0.0	0.423924650805	0.0
Bambara_2.6	3260127	0.514720118444	1.0	0.0	0.514819490723	0.0
Ukrainian_2.6	1324449	0.889526863022	1.0	1.0	0.97565338311	0.0
Estonian_2.6	7501269	0.7237662668	1.0	0.0	0.833430982725	1.0
Slovenian_2.6	5230621	0.665956344682	1.0	1.0	0.800234241483	1.0
Czech_2.6	9181198	0.810463871992	1.0	1.0	0.820347680848	1.0
Ukrainian_2.6	2052681	0.908713809227	1.0	1.0	0.993613993402	1.0
Spanish_2.6	7056368	0.0772113592146	0.0	0.0	0.0627269995335	1.0
Ancient_Greek_2.6	6100574	0.563257948164	1.0	0.0	0.586716052993	1.0
Uyghur_2.6	4727843	0.204446017537	0.0	0.0	0.0138680777281	1.0
Akkadian_2.7	7994563	0.667047535696	1.0	0.0	0.677799607073	1.0
Ukrainian_2.6	7048420	0.445311339621	0.0	1.0	0.389190730713	0.0
Polish_2.6	4530282	0.90036087373	1.0	1.0	0.943501052777	0.0
Old_Church_Slavonic_2.6	2170358	0.552396150115	1.0	0.0	0.571291701691	1.0
Armenian_2.6	9538820	0.661830624465	1.0	0.0	0.585638588023	0.0
Uyghur_2.6	9223957	0.183650849818	0.0	0.0	0.120414506613	0.0
Basque_2.6	8398371	0.155659936485	0.0	0.0	0.0450404593851	0.0
Kazakh_2.6	4896422	0.887009877282	1.0	1.0	0.972602739726	0.0
Slovak_2.6	8773050	0.141733638427	0.0	0.0	0.00456423649457	0.0
Thai_2.6	2642670	0.251617389572	0.0	0.0	0.221719457014	0.0
Armenian_2.6	2244041	0.695533687596	1.0	1.0	0.867413331687	0.0
Serbian_2.6	5562612	0.874778006228	1.0	0.0	0.914888047277	1.0
Breton_2.6	9537320	0.833531079032	1.0	1.0	0.820954810254	0.0
Croatian_2.6	6563849	0.704298370555	1.0	0.0	0.750277465003	0.0
Old_Church_Slavonic_2.6	354953	0.759634548465	1.0	0.0	0.810790846687	1.0
Amharic_2.6	3862758	0.372719378459	1.0	0.0	0.304439990256	1.0
Slovak_2.6	5144332	0.723430839282	1.0	1.0	0.718646472315	0.0
Icelandic_2.7	8713322	0.134718552505	0.0	0.0	0.00861092775193	0.0
Polish_2.6	9052718	0.791785589915	1.0	0.0	0.776175185556	0.0
Lithuanian_2.6	934623	0.617706324866	1.0	1.0	0.703975503284	0.0
Latin_2.6	4091308	0.575850282301	1.0	0.0	0.570338517193	1.0
Welsh_2.6	2000237	0.430081881602	1.0	1.0	0.989045252385	1.0
Korean_2.6	7840365	0.940731365162	1.0	1.0	0.97099259736	0.0
Faroese_2.6	1602392	0.875164581962	1.0	1.0	0.881933098289	0.0
Japanese_2.6	7110914	0.836167633377	1.0	0.0	0.831854258855	0.0
English_2.6	4474789	0.153901681522	0.0	0.0	0.0789557351032	1.0
Erzya_2.6	6005268	0.891794517998	1.0	1.0	0.951282051282	0.0
English_2.6	3843116	0.366698789374	1.0	0.0	0.2936454106	1.0
Kazakh_2.6	3845460	0.824216892157	1.0	1.0	0.956777996071	0.0
Faroese_2.6	7526228	0.279107831442	0.0	1.0	0.253052917232	0.0
Turkish_2.6	1178045	0.264766448685	0.0	0.0	0.0825878490277	1.0
Classical_Chinese_2.6	2794372	0.159190638293	0.0	0.0	0.0862420254545	1.0
Finnish_2.6	5162735	0.864752425209	1.0	1.0	0.996166097757	1.0
Amharic_2.6	6609902	0.0416206952945	0.0	0.0	0.00899936511913	0.0
Korean_2.6	4661995	0.74994515905	1.0	0.0	0.91039023517	0.0
Hindi_2.6	6988642	0.291982543113	0.0	1.0	0.242696136949	1.0
Latin_2.6	4527349	0.283811953593	0.0	0.0	0.0137890480489	0.0
Italian_2.6	1176114	0.11149085111	0.0	0.0	0.0250488288785	0.0
Naija_2.6	5098082	0.104222814124	0.0	0.0	0.0756188170745	1.0
Portuguese_2.6	6005346	0.69585807496	1.0	1.0	0.74897151034	1.0
Mbya_Guarani_2.6	7993045	0.576264192188	1.0	1.0	0.575491060541	1.0
Greek_2.6	6662060	0.281424203731	0.0	0.0	0.0147306397306	0.0
Japanese_2.6	7439676	0.588597491814	1.0	0.0	0.844878185362	0.0
Icelandic_2.6	3776597	0.182106256742	0.0	0.0	0.00145772594752	0.0
Yoruba_2.6	204231	0.126771337438	0.0	0.0	0.0146486510123	0.0
Lithuanian_2.6	7868101	0.80466886792	1.0	0.0	0.837735383815	0.0
Sanskrit_2.6	2715968	0.448794833879	1.0	0.0	0.540860768548	1.0
Latvian_2.6	5135402	0.0995670735242	0.0	0.0	0.034955502156	1.0
Serbian_2.6	7615277	0.204410433628	0.0	0.0	0.00453341840666	0.0
Akkadian_2.7	9137700	0.626100218218	1.0	1.0	0.637403536346	1.0
Buryat_2.6	1441964	0.839242595969	1.0	1.0	0.947653944989	0.0
Korean_2.6	5701922	0.934965140219	1.0	1.0	0.999246917067	1.0
Yoruba_2.6	7253366	0.179329422426	0.0	0.0	0.12056424791	0.0
Korean_2.6	1328856	0.863284295494	1.0	1.0	0.988168603502	1.0
Polish_2.6	3850260	0.230444850229	0.0	0.0	0.165089047389	0.0
Thai_2.6	9543977	0.0831636651599	0.0	0.0	0.000578368999422	0.0
Old_Russian_2.6	4952237	0.284222283358	0.0	1.0	0.194979372818	1.0
Faroese_2.6	3050889	0.628019323671	1.0	1.0	0.605474927083	1.0
Ukrainian_2.6	8915879	0.0907284181856	0.0	0.0	0.0113265293752	0.0
Wolof_2.6	1728565	0.867400438528	1.0	1.0	0.929452839673	0.0
Kurmanji_2.6	9343432	0.916872016872	1.0	1.0	0.991738315961	1.0
Welsh_2.6	3297989	0.805139829142	1.0	0.0	0.722061072022	0.0
Hebrew_2.6	9388052	0.12278927727	0.0	0.0	0.0722497602524	1.0
French_2.6	5285974	0.222808791635	0.0	0.0	0.0153497813331	0.0
Afrikaans_2.6	7574668	0.0756873711129	0.0	0.0	0.00695865738846	0.0
Sanskrit_2.6	7097593	0.469336313964	1.0	0.0	0.564723521991	0.0
Chinese_2.6	6301601	0.0792259367185	0.0	0.0	0.00263790333735	0.0
Kurmanji_2.6	9810874	0.539908721365	1.0	1.0	0.484746927448	1.0
Italian_2.6	9796110	0.145939147386	0.0	0.0	0.0619729904739	1.0
Irish_2.6	8665296	0.502339691414	0.0	0.0	0.518549605596	1.0
Kazakh_2.6	3344358	0.795198559717	1.0	0.0	0.79561042524	1.0
Old_Russian_2.6	4870467	0.908140425484	1.0	1.0	0.983719503916	1.0
Turkish_2.7	5088673	0.206982605349	0.0	0.0	0.0693556439523	1.0
Italian_2.6	6499862	0.0806553528362	0.0	0.0	0.0176045492149	0.0
Turkish_2.7	2441198	0.590648593463	1.0	0.0	0.55304007633	0.0
Scottish_Gaelic_2.6	1520759	0.0858973972397	0.0	0.0	0.0222081462682	0.0
Akkadian_2.7	9947309	0.629559733063	1.0	1.0	0.640230374753	1.0
Catalan_2.6	2299315	0.512424108528	1.0	0.0	0.52699229347	0.0
English_2.6	8852658	0.197866031692	0.0	0.0	0.014979706353	0.0
Danish_2.6	756561	0.26865438049	0.0	1.0	0.243887507683	0.0
Turkish_2.7	9613634	0.262682334199	0.0	0.0	0.00426453837629	0.0
Basque_2.6	9354034	0.208107138221	0.0	0.0	0.0870161954433	1.0
Belarusian_2.6	7179153	0.105089396973	0.0	0.0	0.0301515705636	1.0
Faroese_2.7	3694017	0.123573723725	0.0	0.0	0.0504286434695	1.0
Serbian_2.6	5486473	0.781947381395	1.0	0.0	0.942124014862	1.0
Indonesian_2.6	2792627	0.1005344889	0.0	0.0	0.0114832196322	0.0
Arabic_2.6	1102407	0.354937448865	0.0	0.0	0.355188209884	0.0
Greek_2.6	5182954	0.28310122164	0.0	0.0	0.0	0.0
Estonian_2.6	3785504	0.927759245653	1.0	1.0	0.995466402297	1.0
Old_Church_Slavonic_2.6	6141009	0.489895992697	1.0	0.0	0.487478948364	0.0
Swedish_2.6	5863558	0.186304236082	0.0	0.0	0.0313490027861	1.0
Kazakh_2.6	5820107	0.82011695252	1.0	1.0	0.858200975757	0.0
Faroese_2.7	3528680	0.585242968598	0.0	1.0	0.71687855905	0.0
Swedish_2.6	2232304	0.798925197891	1.0	1.0	0.871057784073	1.0
Scottish_Gaelic_2.6	9375592	0.784200034761	1.0	0.0	0.718785225875	1.0
Finnish_2.6	5952766	0.866593549055	1.0	1.0	0.84557475534	0.0
Indonesian_2.6	548024	0.138561081388	0.0	0.0	0.0075486583443	0.0
Cantonese_2.6	3390032	0.727738197211	0.0	1.0	0.779775251884	1.0
Bambara_2.6	5316232	0.0104275612958	0.0	0.0	0.00613295826216	0.0
Italian_2.6	7006059	0.275249372329	0.0	1.0	0.203376600882	0.0
Romanian_2.6	9173270	0.380921445405	0.0	1.0	0.359993197246	0.0
Welsh_2.6	8266972	0.201348486898	0.0	1.0	0.273801709356	1.0
Classical_Chinese_2.6	9116218	0.644910110935	1.0	0.0	0.654126066321	1.0
Japanese_2.6	8912976	0.823693919049	1.0	1.0	0.841047847655	0.0
Uyghur_2.6	9927628	0.766398128241	1.0	0.0	0.801551792648	1.0
Breton_2.6	7114334	0.61640107548	1.0	1.0	0.800800946333	1.0
Korean_2.6	9114281	0.872742613978	1.0	1.0	0.99361205986	1.0
Akkadian_2.7	3396156	0.644946068939	1.0	1.0	0.640577609605	1.0
Breton_2.6	1871631	0.952859541449	1.0	1.0	0.997416020672	1.0
Basque_2.6	3509545	0.158474868028	0.0	1.0	0.0737890593869	1.0
Wolof_2.6	4417511	0.497491167711	1.0	1.0	0.491444269016	0.0
Turkish_2.6	1852411	0.506675272192	0.0	1.0	0.394216149412	1.0
Persian_2.7	3485734	0.0368432894727	0.0	0.0	0.00628153179713	0.0
Ukrainian_2.6	4515489	0.923457272562	1.0	1.0	0.990406560989	1.0
Korean_2.6	8168324	0.689988381875	1.0	0.0	0.920109503631	1.0
Kazakh_2.6	7436171	0.15814261205	0.0	0.0	0.0194458183695	0.0
Romanian_2.6	4244059	0.790019678254	1.0	1.0	0.863494290974	1.0
North_Sami_2.6	4860927	0.129304013162	0.0	0.0	0.00203804347826	0.0
French_2.6	2645325	0.108843317633	0.0	0.0	0.00139697362292	0.0
Maltese_2.6	780351	0.121988821725	0.0	0.0	0.0494916340388	1.0
Croatian_2.6	859022	0.179103939299	0.0	1.0	0.128211756695	0.0
Chinese_2.6	6552349	0.104798132269	0.0	0.0	0.00499974139182	0.0
Coptic_2.6	6437478	0.823737612081	0.0	1.0	0.84651619827	1.0
Belarusian_2.6	4706572	0.816407171503	1.0	1.0	0.830177165755	1.0
Turkish_2.7	4580512	0.424633975986	0.0	0.0	0.445220349042	1.0
Ancient_Greek_2.6	8415667	0.820487089987	1.0	1.0	0.840490711776	0.0
Greek_2.6	1654672	0.411417855733	0.0	1.0	0.239874524216	0.0
Ukrainian_2.6	93613	0.298328387041	0.0	0.0	0.176049651528	1.0
Ancient_Greek_2.6	2242152	0.719431265806	1.0	0.0	0.738218185205	1.0
Norwegian_2.6	1881928	0.0201498022213	0.0	0.0	0.00489726930998	0.0
Welsh_2.6	1473673	0.430241710735	1.0	1.0	0.982469023713	1.0
Kurmanji_2.6	718170	0.771470497374	1.0	0.0	0.810212765957	1.0
Indonesian_2.6	6162942	0.404011165236	1.0	0.0	0.37461690878	1.0
Greek_2.6	8753289	0.718392108668	1.0	0.0	0.791764316764	0.0
Dutch_2.6	3338075	0.0522226838388	0.0	0.0	0.0196276221444	0.0
Spanish_2.6	1706969	0.129350608804	0.0	0.0	0.0504805257222	1.0
Swedish_2.6	4427104	0.166444468099	0.0	0.0	0.0419531399745	1.0
Persian_2.7	4617710	0.364707416099	0.0	0.0	0.239412463313	0.0
Uyghur_2.6	1461561	0.625214653235	1.0	0.0	0.700880226246	1.0
Catalan_2.6	4220722	0.416021890675	0.0	1.0	0.390925839149	1.0
Icelandic_2.6	973875	0.104611650485	0.0	0.0	0.00518282388565	0.0
Icelandic_2.7	7799225	0.546503014202	1.0	0.0	0.554630852772	1.0
Basque_2.6	4789803	0.436109976403	0.0	0.0	0.354118022696	1.0
Amharic_2.6	3429701	0.777025746072	1.0	0.0	0.837120843935	1.0
Turkish_2.6	6040111	0.479179614371	0.0	1.0	0.41641188793	1.0
Hebrew_2.6	4334210	0.897913416509	1.0	1.0	0.971035727278	1.0
Portuguese_2.6	3296632	0.309971218073	0.0	1.0	0.316123550169	0.0
Kazakh_2.6	4484619	0.65846383296	1.0	1.0	0.611531343043	1.0
Korean_2.6	4498611	0.620935681949	1.0	1.0	0.877242646578	1.0
Hebrew_2.6	4238907	0.204930189847	0.0	0.0	0.0745500232158	1.0
Romanian_2.6	3510949	0.786986966047	1.0	1.0	0.872679785021	0.0
Latin_2.6	4925903	0.594327214668	1.0	0.0	0.545764677159	0.0
Mbya_Guarani_2.6	5242064	0.223676598476	0.0	1.0	0.220609065156	0.0
Korean_2.6	5731304	0.908102770996	1.0	1.0	0.987216078525	1.0
Turkish_2.7	7896446	0.623283178768	1.0	0.0	0.720965717008	1.0
Classical_Chinese_2.6	9430327	0.813551202246	1.0	1.0	0.819676768345	0.0
Icelandic_2.7	487540	0.435455579115	0.0	1.0	0.411571718953	1.0
Old_Russian_2.6	8856555	0.926931210763	1.0	1.0	0.984839337501	1.0
Bambara_2.6	3688699	0.956365296594	1.0	1.0	0.959431397383	0.0
Icelandic_2.7	2460627	0.452501437814	1.0	1.0	0.436360660437	0.0
Urdu_2.6	641646	0.577587557135	1.0	1.0	0.595480145539	1.0
Classical_Chinese_2.6	2213002	0.144626173772	0.0	0.0	0.0699126710536	0.0
Maltese_2.6	2436831	0.660040032858	1.0	0.0	0.736301572227	0.0
Polish_2.6	4580021	0.256154207616	0.0	1.0	0.220584364306	0.0
Slovak_2.6	319654	0.874621102235	1.0	0.0	0.898239012988	1.0
Armenian_2.6	4911625	0.265341188223	0.0	0.0	0.0163435308499	0.0
Naija_2.6	5920921	0.887373215318	1.0	1.0	0.94842133914	1.0
Akkadian_2.7	787962	0.600077619716	1.0	0.0	0.604234120735	1.0
Erzya_2.6	7297394	0.844108199892	1.0	1.0	0.943999214217	0.0
Czech_2.6	7519252	0.752690044791	1.0	1.0	0.810185596601	0.0
Icelandic_2.7	5132886	0.155965165336	0.0	0.0	0.107403883393	1.0
Hungarian_2.6	9607192	0.128769865385	0.0	0.0	0.0498148059267	1.0
Urdu_2.6	6546666	0.155831040797	0.0	0.0	0.0602244888196	1.0
Dutch_2.6	1652533	0.0724691394959	0.0	0.0	0.0313059033989	0.0
Akkadian_2.7	1274240	0.885060523376	1.0	0.0	0.889125799574	1.0
French_2.6	6629635	0.753433870881	1.0	1.0	0.86240294345	1.0
Maltese_2.6	1237919	0.747054111639	1.0	0.0	0.834522777532	0.0
Faroese_2.6	362236	0.527366859857	0.0	0.0	0.123228684165	1.0
Danish_2.6	4007949	0.879085993579	1.0	1.0	0.970073168126	1.0
Galician_2.6	3585856	0.850608179146	1.0	1.0	0.906577238971	0.0
Akkadian_2.7	1713665	0.884228643165	1.0	0.0	0.89350372737	1.0
Czech_2.6	6067363	0.725138634542	1.0	0.0	0.731964836949	1.0
French_2.6	9675882	0.146711729175	0.0	0.0	0.0197577842061	0.0
Amharic_2.6	9208284	0.0609648091001	0.0	0.0	0.0213658593569	1.0
Maltese_2.6	5708004	0.298097535581	0.0	1.0	0.246864107936	0.0
Italian_2.6	6209530	0.263590846447	0.0	1.0	0.208192175797	0.0
Chinese_2.6	9434297	0.251519045457	0.0	0.0	0.178253361004	0.0
Buryat_2.6	6694776	0.181060827675	0.0	1.0	0.0785219399538	0.0
Dutch_2.6	1091287	0.132392669742	0.0	0.0	0.0590578156282	1.0
Belarusian_2.6	3226808	0.0850035236082	0.0	0.0	0.0449017424253	1.0
Icelandic_2.7	5220324	0.82537551402	1.0	1.0	0.932201565976	1.0
Belarusian_2.6	1472601	0.794897799969	1.0	1.0	0.821320110726	1.0
Old_French_2.6	9057686	0.291861143289	1.0	0.0	0.279361062648	1.0
Gothic_2.6	7856294	0.395302774289	0.0	1.0	0.360410653883	1.0
Tamil_2.6	159254	0.0995751460435	0.0	0.0	0.0111856823266	0.0
Spanish_2.6	1986439	0.692521914967	1.0	0.0	0.756996967519	0.0
Bulgarian_2.6	6386441	0.786382150705	1.0	1.0	0.794888105609	1.0
Slovenian_2.6	5620743	0.47672421632	0.0	0.0	0.426688530368	0.0
Tamil_2.6	7067902	0.195432819968	0.0	0.0	0.0	0.0
Armenian_2.6	9112035	0.530161371057	1.0	1.0	0.558791346381	0.0
Latvian_2.6	9756160	0.900178426358	1.0	1.0	0.996170416467	1.0
Old_Church_Slavonic_2.6	8145632	0.112437086794	0.0	0.0	0.0	0.0
Buryat_2.6	2079220	0.21083459853	0.0	1.0	0.100523103749	1.0
Mbya_Guarani_2.6	1310091	0.57366567828	1.0	1.0	0.576828834895	1.0
Mbya_Guarani_2.6	9871606	0.603468899522	1.0	0.0	0.60377806954	1.0
Buryat_2.6	1320613	0.135162110033	0.0	0.0	0.00358422939068	0.0
Belarusian_2.6	8429724	0.0945922269346	0.0	0.0	0.01261829653	0.0
Galician_2.6	8514125	0.115560927778	0.0	0.0	0.0318084235517	0.0
Persian_2.7	2302986	0.117909225467	0.0	0.0	0.00563539858994	0.0
Turkish_2.7	6227334	0.718081220234	1.0	0.0	0.819689659614	0.0
Coptic_2.6	7665606	0.799880798816	0.0	1.0	0.815577389282	0.0
Turkish_2.6	2785432	0.614421378424	1.0	0.0	0.784346250527	0.0
Scottish_Gaelic_2.6	6666957	0.502643094191	0.0	1.0	0.521599374373	0.0
Welsh_2.6	2379234	0.347761245753	0.0	0.0	0.0420316171758	1.0
Icelandic_2.7	4893376	0.333926843848	1.0	0.0	0.254344165111	0.0
Catalan_2.6	6950230	0.577359890934	1.0	0.0	0.590455132373	0.0
Breton_2.6	364946	0.860169328828	1.0	1.0	0.820016683961	0.0
Croatian_2.6	8955051	0.887286538912	1.0	1.0	0.94473510616	0.0
Hungarian_2.6	7858887	0.169845938568	0.0	0.0	0.0529784404599	1.0
Russian_2.6	9653038	0.942034016966	1.0	1.0	0.992000990076	1.0
Yoruba_2.6	5753267	0.609714087508	1.0	0.0	0.659570624408	1.0
Irish_2.6	4252577	0.262795273794	0.0	1.0	0.264723226584	1.0
Naija_2.6	3802352	0.558664474911	0.0	0.0	0.566569261512	1.0
English_2.6	4609373	0.42467512648	1.0	0.0	0.384370237051	1.0
Arabic_2.6	8708184	0.728214564492	1.0	1.0	0.825203558152	0.0
Chinese_2.6	5896645	0.843357678566	1.0	1.0	0.891472314778	0.0
Cantonese_2.6	1529086	0.930362078999	1.0	1.0	0.987768227965	1.0
Japanese_2.6	7916102	0.882378183735	1.0	1.0	0.871577796481	1.0
Urdu_2.6	188664	0.867932611551	1.0	0.0	0.919237036296	1.0
Latvian_2.6	4731707	0.890175827004	1.0	1.0	0.969241933636	0.0
Faroese_2.7	9972438	0.125249661906	0.0	0.0	0.0	0.0
Armenian_2.6	1256076	0.41727434971	0.0	0.0	0.358904260917	1.0
Persian_2.7	8251978	0.76239250603	1.0	0.0	0.859466529382	0.0
Arabic_2.6	2840603	0.632171584264	1.0	1.0	0.642510302519	1.0
Romanian_2.6	21949	0.495533752836	0.0	0.0	0.490660102517	1.0
Faroese_2.6	3070589	0.0169082125604	0.0	0.0	0.0	0.0
Classical_Chinese_2.6	1011402	0.151071794327	0.0	0.0	0.0699784634369	0.0
Romanian_2.6	8308332	0.59615773946	1.0	0.0	0.624935097756	0.0
Faroese_2.6	4760112	0.566105362443	0.0	0.0	0.013986013986	0.0
North_Sami_2.6	9916836	0.750076575729	1.0	0.0	0.789972899729	0.0
Greek_2.6	4969936	0.262978615183	0.0	0.0	0.0117558236843	0.0
Classical_Chinese_2.6	3035972	0.634054479677	1.0	0.0	0.635055138703	0.0
Czech_2.6	399948	0.911937705329	1.0	1.0	0.953059347536	1.0
Old_French_2.6	8214112	0.487850187703	1.0	0.0	0.486656239707	0.0
Kurmanji_2.6	4079740	0.797955464622	1.0	1.0	0.846057432968	0.0
Yoruba_2.6	8438114	0.316832392013	1.0	0.0	0.271181809829	0.0
Yoruba_2.6	9249572	0.0667887029289	0.0	0.0	0.0096750385467	0.0
Tamil_2.6	120720	0.0492914442239	0.0	0.0	0.0111856823266	0.0
Persian_2.7	1984023	0.594595850626	1.0	1.0	0.649642706013	1.0
Chinese_2.6	6450548	0.750721238041	1.0	0.0	0.735998401099	1.0
Slovak_2.6	273404	0.107297864635	0.0	0.0	0.0209348833022	0.0
Faroese_2.6	5354917	0.544779741028	0.0	0.0	0.0211988304094	0.0
Norwegian_2.6	2652574	0.201038005215	0.0	0.0	0.0269138142667	0.0
Arabic_2.6	7261343	0.299986817737	0.0	1.0	0.236549228634	1.0
Faroese_2.6	3664060	0.824948636793	1.0	1.0	0.965034965035	0.0
Russian_2.6	3968309	0.376482252104	0.0	1.0	0.39706683364	0.0
Coptic_2.6	2108543	0.55497975115	1.0	1.0	0.557434676767	1.0
Slovak_2.6	2291153	0.59137913184	1.0	0.0	0.635161573538	0.0
Uyghur_2.6	3382769	0.196100197473	0.0	0.0	0.00206554762255	1.0
Dutch_2.6	139446	0.299447139487	0.0	1.0	0.187577521709	0.0
Hungarian_2.6	3173363	0.936208822625	1.0	1.0	0.999537892791	1.0
Basque_2.6	2523916	0.769081417512	1.0	0.0	0.868306260962	0.0
Erzya_2.6	9058346	0.798206380011	1.0	0.0	0.866748452291	1.0
Upper_Sorbian_2.6	6364776	0.77273555193	1.0	0.0	0.933601609658	1.0
Bulgarian_2.6	916000	0.364845157043	0.0	1.0	0.259332366074	1.0
Uyghur_2.6	1184071	0.60192740389	1.0	0.0	0.668423078364	1.0
Naija_2.6	7989243	0.56170117768	0.0	0.0	0.57083540103	0.0
Amharic_2.6	8591786	0.346769053782	1.0	0.0	0.303951367781	1.0
Scottish_Gaelic_2.6	3971561	0.402124609736	1.0	0.0	0.748675662169	0.0
Mbya_Guarani_2.6	7919934	0.974422091022	1.0	1.0	0.982048791422	0.0
Greek_2.6	6529701	0.436086908453	0.0	0.0	0.328594257494	0.0
Slovenian_2.6	8727516	0.363385891446	0.0	1.0	0.269392829833	1.0
Estonian_2.6	3678936	0.327477690379	0.0	1.0	0.263540133263	1.0
Hungarian_2.6	4149785	0.22378804901	0.0	1.0	0.151992884895	0.0
French_2.6	9152073	0.221172464977	0.0	0.0	0.116789585359	1.0
Persian_2.7	2872617	0.707636574355	1.0	1.0	0.870422234015	0.0
Serbian_2.6	9951845	0.640390139812	1.0	0.0	0.578462998802	1.0
Kurmanji_2.6	9178882	0.842835988733	1.0	1.0	0.99346957098	1.0
Chinese_2.6	3123	0.185771059479	0.0	0.0	0.00796683238502	0.0
English_2.6	8309922	0.123461707969	0.0	0.0	0.0168254194679	0.0
Dutch_2.6	5464923	0.463683837285	1.0	1.0	0.43606471123	0.0
Slovenian_2.6	8141515	0.594091748944	1.0	0.0	0.607887449078	0.0
Serbian_2.6	9526486	0.177148212774	0.0	0.0	0.0402450896739	1.0
Lithuanian_2.6	2904588	0.188082407806	0.0	0.0	0.00144230370143	0.0
Icelandic_2.6	9953670	0.0852211434736	0.0	0.0	0.00373599003736	0.0
Upper_Sorbian_2.6	4291033	0.864476464062	1.0	1.0	0.976040525739	1.0
Slovenian_2.6	9381474	0.229005464837	0.0	1.0	0.199689385307	1.0
Korean_2.6	3807705	0.858261109627	1.0	1.0	0.935841273018	0.0
Wolof_2.6	3065100	0.805450604522	0.0	1.0	0.814748255555	1.0
Dutch_2.6	3707892	0.448441842158	1.0	1.0	0.455146480421	1.0
Russian_2.6	923251	0.167611237189	0.0	0.0	0.0380931746798	1.0
Latin_2.6	2970480	0.673124623283	1.0	1.0	0.787755826499	0.0
Lithuanian_2.6	1976745	0.373086745559	0.0	0.0	0.317557658556	0.0
Swedish_2.6	9678375	0.222599566208	0.0	0.0	0.00462979587795	0.0
Persian_2.7	6102017	0.227138196041	0.0	1.0	0.137934690707	1.0
Polish_2.6	9819654	0.105635404809	0.0	0.0	0.0102084489323	0.0
Italian_2.6	9273666	0.551012738745	0.0	1.0	0.459801298799	0.0
Indonesian_2.6	1912725	0.605547347208	0.0	0.0	0.610436770856	0.0
Icelandic_2.6	2085595	0.688910463862	1.0	0.0	0.743594537975	0.0
Old_Russian_2.6	5422018	0.875478301377	1.0	1.0	0.98652651971	1.0
Belarusian_2.6	7041189	0.275192764186	0.0	0.0	0.169232577271	0.0
Faroese_2.6	3396293	0.872213893053	1.0	1.0	0.965034965035	0.0
Hungarian_2.6	5292121	0.183964801661	0.0	1.0	0.136783733826	0.0
Latvian_2.6	6678069	0.0753700934131	0.0	0.0	0.0379157179343	1.0
Japanese_2.6	27998	0.337558606849	0.0	1.0	0.138681347601	1.0
Bambara_2.6	6373268	0.482738487617	0.0	1.0	0.482701147372	0.0
Yoruba_2.6	4076226	0.688235756005	0.0	1.0	0.721999955792	1.0
Icelandic_2.7	8604943	0.508300515845	0.0	0.0	0.528517891249	1.0
Dutch_2.6	8777524	0.85687460737	1.0	1.0	0.922277762351	0.0
Thai_2.6	6157483	0.109698403312	0.0	1.0	0.0434888997642	0.0
Coptic_2.6	849303	0.0537115127372	0.0	0.0	0.0236376607799	1.0
Erzya_2.6	7789422	0.797767393562	1.0	0.0	0.823601265569	1.0
Armenian_2.6	610531	0.649236822059	1.0	0.0	0.578935979988	1.0
Akkadian_2.7	6069378	0.882065879195	1.0	0.0	0.8944	1.0
Latin_2.6	9644743	0.509917508782	0.0	0.0	0.480070450955	0.0
Portuguese_2.6	9885360	0.0481838814475	0.0	0.0	0.00673722699058	0.0
Armenian_2.6	4015204	0.764171421339	1.0	1.0	0.875842200033	0.0
Serbian_2.6	3720307	0.748398270237	1.0	1.0	0.809437762193	1.0
Estonian_2.6	3974708	0.664461025873	1.0	0.0	0.700179886554	1.0
Romanian_2.6	9904357	0.106368028031	0.0	0.0	0.00460929328974	0.0
Maltese_2.6	1727930	0.78915769027	1.0	1.0	0.815908549655	0.0
Hindi_2.6	9951611	0.516210393773	1.0	0.0	0.492050894234	1.0
Dutch_2.6	7155693	0.490538674152	1.0	0.0	0.564869148744	1.0
Classical_Chinese_2.6	2227515	0.0861123252137	0.0	0.0	0.00097957914522	0.0
French_2.6	18298	0.127571481985	0.0	0.0	0.00582633053221	0.0
Afrikaans_2.6	8994988	0.323300036381	0.0	1.0	0.0951834088365	1.0
Turkish_2.7	7441052	0.702460692326	1.0	0.0	0.767571323028	0.0
Basque_2.6	9752842	0.148260551182	0.0	0.0	0.00342177509629	0.0
Naija_2.6	904803	0.0726170669629	0.0	0.0	0.000136054421769	0.0
Naija_2.6	4877267	0.581280070325	1.0	0.0	0.59624109075	1.0
Afrikaans_2.6	9408497	0.0880814704523	0.0	0.0	0.0421188931267	0.0
Chinese_2.6	3379363	0.0955514251791	0.0	0.0	0.00254498106061	0.0
Faroese_2.7	5534244	0.306566522508	0.0	0.0	0.128519489921	0.0
Greek_2.6	7509484	0.704863051984	1.0	0.0	0.607810552555	0.0
Portuguese_2.6	9265732	0.156503599825	0.0	1.0	0.125365306059	0.0
Basque_2.6	2459245	0.640451901806	1.0	0.0	0.696560231284	1.0
Icelandic_2.6	6757359	0.0952912621359	0.0	0.0	0.00498132004981	0.0
Romanian_2.6	3081900	0.192308938802	0.0	0.0	0.0162075890986	1.0
Swedish_2.6	128581	0.939534349487	1.0	1.0	0.99114862041	1.0
Breton_2.6	1996517	0.703024326101	1.0	0.0	0.676020408163	0.0
Greek_2.6	1922080	0.266035602365	0.0	1.0	0.205084329148	1.0
Faroese_2.7	5842067	0.31059827948	0.0	0.0	0.140625	1.0
Classical_Chinese_2.6	6174760	0.69961716365	1.0	0.0	0.699706499882	1.0
Kazakh_2.6	1634093	0.843442098528	1.0	1.0	0.970899836946	1.0
Armenian_2.6	114286	0.232217030381	0.0	0.0	0.0323294951284	1.0
Lithuanian_2.6	3168115	0.776438530898	1.0	0.0	0.804311073542	0.0
Upper_Sorbian_2.6	7205766	0.721659483572	1.0	1.0	0.743446595063	1.0
Old_Russian_2.6	8132424	0.336886349815	0.0	1.0	0.278091941726	1.0
French_2.6	8280497	0.626152668238	1.0	0.0	0.735349801216	1.0
Portuguese_2.6	1435463	0.174003587258	0.0	0.0	0.00990203791491	0.0
Yoruba_2.6	1011518	0.456604397421	1.0	1.0	0.451039988895	1.0
Norwegian_2.6	4723214	0.134984223424	0.0	0.0	0.00507311262438	0.0
Bulgarian_2.6	3203072	0.653797881038	1.0	0.0	0.577684986424	0.0
Swedish_2.6	857921	0.938930360293	1.0	1.0	0.973417831156	1.0
Erzya_2.6	6824334	0.946246507364	1.0	1.0	0.987629853821	1.0
Tamil_2.6	6667427	0.42402101909	0.0	1.0	0.343605420664	0.0
Korean_2.6	6951769	0.736464927909	1.0	1.0	0.936434249752	0.0
Spanish_2.6	2094767	0.321139951785	0.0	0.0	0.271588108031	0.0
Icelandic_2.6	9573992	0.644012944984	1.0	0.0	0.747641860516	0.0
Amharic_2.6	6263062	0.0909616716694	0.0	0.0	0.0280497977466	1.0
Sanskrit_2.6	4588049	0.0961165291915	0.0	0.0	0.0110675675676	0.0
Scottish_Gaelic_2.6	6770424	0.539611631045	0.0	0.0	0.0444067893283	1.0
Amharic_2.6	6149707	0.063628218092	0.0	0.0	0.00525840790099	0.0
Slovenian_2.6	3763665	0.699251626242	1.0	0.0	0.668355536343	0.0
Spanish_2.6	6979907	0.498220811861	0.0	1.0	0.440804642369	0.0
Icelandic_2.7	9521462	0.233607020908	0.0	0.0	0.198470169811	0.0
Erzya_2.6	6102859	0.788793685518	1.0	0.0	0.836617115468	1.0
Hebrew_2.6	4111293	0.132032490595	0.0	0.0	0.0685826171516	1.0
Armenian_2.6	5838931	0.692660400793	1.0	1.0	0.848122485472	1.0
Ancient_Greek_2.6	5469953	0.109637458557	0.0	0.0	0.00676418164554	0.0
Welsh_2.6	1561811	0.623321520619	1.0	0.0	0.5	1.0
Tamil_2.6	6984106	0.0949548592671	0.0	0.0	0.00223713646532	0.0
Irish_2.6	4651570	0.957864358594	1.0	1.0	0.992004738886	1.0
Mbya_Guarani_2.6	101767	0.0602514864123	0.0	0.0	0.0542199083841	1.0
Turkish_2.6	7263688	0.73321222578	1.0	1.0	0.765727816656	0.0
Upper_Sorbian_2.6	1062710	0.168084087644	0.0	1.0	0.132394366197	1.0
Tamil_2.6	1668006	0.0978952958605	0.0	0.0	0.0089485458613	0.0
Latvian_2.6	878792	0.472595087358	0.0	1.0	0.480269541069	0.0
Swedish_2.6	6172674	0.0849091508341	0.0	0.0	0.00508965605031	0.0
Gothic_2.6	3106239	0.490623980748	0.0	1.0	0.488639568713	0.0
Gothic_2.6	6217987	0.48369320848	0.0	0.0	0.451889784015	1.0
Japanese_2.6	5544828	0.852479315648	1.0	0.0	0.875350698891	1.0
Croatian_2.6	5914949	0.194272805346	0.0	0.0	0.0131494825745	0.0
Arabic_2.6	5350475	0.654661671974	1.0	0.0	0.706178513315	1.0
Latin_2.6	5200382	0.306019611301	0.0	0.0	0.134757439628	0.0
French_2.6	4793153	0.0231790672813	0.0	0.0	0.00669015984521	0.0
Uyghur_2.6	4260722	0.836929407614	1.0	1.0	0.933639059938	0.0
Scottish_Gaelic_2.6	1405938	0.438599943941	1.0	0.0	0.409302613062	0.0
English_2.6	1570845	0.0820324036614	0.0	0.0	0.00499441390434	0.0
Danish_2.6	5877930	0.415444646234	0.0	1.0	0.401439983043	0.0
Coptic_2.6	6839157	0.422610925581	1.0	0.0	0.412262590143	1.0
Romanian_2.6	171423	0.114048047615	0.0	0.0	0.0130269199388	1.0
Bulgarian_2.6	9392625	0.158474642761	0.0	0.0	0.0	0.0
Japanese_2.6	178351	0.847538108965	1.0	0.0	0.858371998503	0.0
Coptic_2.6	2531829	0.535223123222	0.0	1.0	0.541155626155	1.0
Russian_2.6	5907757	0.57870372547	1.0	0.0	0.594406907793	1.0
Galician_2.6	9487238	0.832342887585	1.0	1.0	0.90846637536	0.0
Wolof_2.6	9385777	0.0241708887935	0.0	0.0	0.00416556641608	0.0
Slovenian_2.6	7797403	0.18046544498	0.0	0.0	0.0125184094256	0.0
Amharic_2.6	9408268	0.357538179899	1.0	0.0	0.305936073059	1.0
Italian_2.6	9939802	0.140979250644	0.0	0.0	0.00214664155147	0.0
Estonian_2.6	181636	0.89424165392	1.0	1.0	0.984993007881	1.0
Uyghur_2.6	9030521	0.134620711321	0.0	0.0	0.0769367010866	0.0
Erzya_2.6	518586	0.183261015516	0.0	1.0	0.134967237638	0.0
Old_Russian_2.6	8001823	0.91850159319	1.0	1.0	0.984570497879	1.0
Mbya_Guarani_2.6	6227668	0.641391030055	1.0	1.0	0.642199503781	0.0
Afrikaans_2.6	1386033	0.316602207599	0.0	0.0	0.0126368610385	0.0
Hungarian_2.6	3801580	0.397260355048	0.0	0.0	0.339965454633	1.0
North_Sami_2.6	3600123	0.964228209012	1.0	1.0	0.977606296399	0.0
Romanian_2.6	2016403	0.383255565555	0.0	1.0	0.362376300567	0.0
Latvian_2.6	856346	0.95183821337	1.0	1.0	0.991297207261	1.0
Arabic_2.6	4461698	0.192465267935	0.0	0.0	0.0804756422781	0.0
Wolof_2.6	814852	0.0676358435848	0.0	0.0	0.0	0.0
Czech_2.6	3180584	0.239916263338	0.0	1.0	0.203907079709	0.0
Naija_2.6	1296140	0.908360900145	1.0	1.0	0.950177579203	1.0
Kazakh_2.6	8711095	0.650346971082	1.0	0.0	0.830839990317	0.0
Portuguese_2.6	9212740	0.0739281478194	0.0	0.0	0.0116738027014	0.0
Akkadian_2.7	6308396	0.38959735506	1.0	0.0	0.379474556213	0.0
Spanish_2.6	9570637	0.136120837722	0.0	0.0	0.0461101611719	0.0
Polish_2.6	3066077	0.917990025624	1.0	1.0	0.926840608616	1.0
Breton_2.6	6524314	0.765177224736	1.0	1.0	0.8235165505	0.0
Bambara_2.6	2472726	0.503855891557	1.0	0.0	0.503864260226	0.0
Swedish_2.6	6739353	0.132065877885	0.0	0.0	0.00340849348122	0.0
Danish_2.6	7206511	0.400826766034	1.0	1.0	0.406197058782	0.0
Arabic_2.6	274238	0.139082919375	0.0	0.0	0.0110506388489	0.0
Naija_2.6	9151358	0.526975335109	0.0	0.0	0.528191770987	0.0
Old_Russian_2.6	1213022	0.935156387135	1.0	1.0	0.983671505497	1.0
Cantonese_2.6	8691662	0.136767645702	0.0	0.0	0.00354055107313	0.0
Old_Church_Slavonic_2.6	2391944	0.775511261565	1.0	0.0	0.803759979397	1.0
Classical_Chinese_2.6	2771179	0.0951971650313	0.0	0.0	0.0249607261302	0.0
Norwegian_2.6	9737747	0.210436886395	0.0	0.0	0.165621383357	1.0
Gothic_2.6	8520295	0.472938780032	1.0	0.0	0.468597417858	0.0
Icelandic_2.7	7825234	0.549252245335	0.0	0.0	0.566368198165	1.0
Old_French_2.6	6078555	0.301488330143	1.0	0.0	0.265496918214	0.0
Maltese_2.6	8621164	0.770250632854	1.0	1.0	0.800330159053	0.0
Breton_2.6	8113249	0.512937702152	1.0	0.0	0.668587022438	1.0
Buryat_2.6	4398868	0.144052644419	0.0	0.0	0.0230414746544	1.0
Ancient_Greek_2.6	888883	0.474919714349	0.0	0.0	0.461933923534	1.0
Catalan_2.6	277034	0.0587083667319	0.0	0.0	0.00342917200894	0.0
Japanese_2.6	9045995	0.836169955181	1.0	0.0	0.850306421344	1.0
Faroese_2.6	7659009	0.500794198517	0.0	0.0	0.00497512437811	0.0
Kazakh_2.6	2318737	0.255806644717	0.0	0.0	0.019427197002	0.0
Swedish_2.6	1089855	0.0944538826131	0.0	0.0	0.00600685058936	0.0
Arabic_2.6	2661879	0.142098005196	0.0	0.0	0.0666342813209	0.0
Tamil_2.6	4841718	0.105282723537	0.0	0.0	0.0089485458613	0.0
Afrikaans_2.6	5228512	0.270821134604	0.0	0.0	0.0199976355592	1.0
Latin_2.6	6430661	0.314359827358	0.0	0.0	0.134127082215	1.0
Latvian_2.6	4060172	0.921363250654	1.0	1.0	0.993211145067	1.0
Bulgarian_2.6	2244756	0.152833866067	0.0	0.0	0.0542981097193	0.0
Old_French_2.6	7326994	0.524896867257	0.0	1.0	0.528229345906	1.0
Ancient_Greek_2.6	8236273	0.424348242079	0.0	1.0	0.419553632346	1.0
Danish_2.6	2678257	0.549128091089	0.0	1.0	0.517814005462	1.0
Mbya_Guarani_2.6	5346133	0.131233595801	0.0	0.0	0.127152317881	1.0
Irish_2.6	5959038	0.579928513456	1.0	1.0	0.567581891192	0.0
Hungarian_2.6	8345715	0.217422670715	0.0	1.0	0.143847916098	0.0
Cantonese_2.6	7724706	0.882182943317	1.0	1.0	0.998863636364	1.0
Basque_2.6	6625347	0.743196323842	1.0	1.0	0.735716406996	0.0
Old_Church_Slavonic_2.6	7836253	0.206473038583	0.0	0.0	0.11949379411	0.0
Erzya_2.6	6614327	0.84988062211	1.0	1.0	0.941563071875	0.0
Icelandic_2.6	7433542	0.0945307443366	0.0	0.0	0.00249066002491	0.0
Hebrew_2.6	9256864	0.652057646863	1.0	0.0	0.689581797183	0.0
Galician_2.6	4724583	0.525909049663	1.0	1.0	0.538335784741	1.0
Old_Russian_2.6	8310331	0.752257602732	1.0	0.0	0.868332176856	1.0
Amharic_2.6	8421281	0.821305238916	1.0	0.0	0.831952838812	1.0
Hungarian_2.6	9926068	0.807000351941	1.0	1.0	0.942845913146	0.0
Greek_2.6	7712137	0.361313077041	0.0	1.0	0.226422933112	0.0
Erzya_2.6	7420865	0.66619949239	1.0	1.0	0.748814786746	1.0
Romanian_2.6	2591217	0.490470367327	0.0	0.0	0.491088683102	0.0
Belarusian_2.6	223566	0.601285412262	1.0	0.0	0.573361823362	1.0
Slovak_2.6	450108	0.0770051173703	0.0	0.0	0.0103172090673	0.0
English_2.6	8409907	0.444857733284	1.0	0.0	0.396145709683	0.0
Lithuanian_2.6	8887614	0.676702882855	1.0	0.0	0.682470830121	0.0
Bulgarian_2.6	6186921	0.895803562995	1.0	1.0	0.942748671222	0.0
Galician_2.6	8804672	0.406081659403	0.0	0.0	0.42513574074	0.0
Faroese_2.6	395687	0.673343325362	1.0	0.0	0.798611111111	0.0
Icelandic_2.6	9126007	0.129575242718	0.0	0.0	0.00321589229892	0.0
English_2.6	4406419	0.254291001332	0.0	0.0	0.161619467668	0.0
Finnish_2.6	2050367	0.795512686033	1.0	0.0	0.80768234149	1.0
Estonian_2.6	5115228	0.922036220809	1.0	1.0	0.995617160775	1.0
Catalan_2.6	7744897	0.276139323587	0.0	1.0	0.246937992681	0.0
Hindi_2.6	1493538	0.111549467425	0.0	0.0	0.0385924692037	0.0
Portuguese_2.6	3106866	0.183686133474	0.0	0.0	0.0678179498601	1.0
Coptic_2.6	1414513	0.186106456444	1.0	0.0	0.153663766527	1.0
Norwegian_2.6	6985538	0.108504476031	0.0	0.0	0.0107236567398	0.0
French_2.6	1018204	0.297745471832	0.0	1.0	0.247037871737	1.0
Buryat_2.6	6038334	0.119645245085	0.0	0.0	0.024658033319	1.0
Scottish_Gaelic_2.6	275922	0.868382222417	1.0	1.0	0.917364817757	0.0
Hungarian_2.6	7240475	0.219143060366	0.0	1.0	0.187013529001	1.0
Indonesian_2.6	6765255	0.113577614363	0.0	0.0	0.0168371266904	0.0
Irish_2.6	6266352	0.564979922412	1.0	1.0	0.539083251201	0.0
Wolof_2.6	7549656	0.858770260903	1.0	1.0	0.92940930112	0.0
Latvian_2.6	171389	0.784356966622	1.0	1.0	0.838054722577	1.0
Korean_2.6	8397029	0.686185966524	1.0	0.0	0.866830322585	0.0
Welsh_2.6	6683031	0.318580835121	0.0	0.0	0.465955980058	1.0
Hebrew_2.6	7895487	0.272187783221	0.0	0.0	0.249209139671	0.0
Afrikaans_2.6	8385177	0.307644563288	0.0	0.0	0.021294021294	1.0
Greek_2.6	2734615	0.417150287131	0.0	1.0	0.265044459558	1.0
Bambara_2.6	554419	0.997410889979	1.0	1.0	0.997946847448	1.0
Tamil_2.6	9526721	0.0963188640747	0.0	0.0	0.00223713646532	0.0
Faroese_2.7	1910608	0.827513055183	1.0	1.0	1.0	1.0
Spanish_2.6	917222	0.423405959346	0.0	1.0	0.445416660283	0.0
Old_Russian_2.6	3517902	0.679912424253	1.0	0.0	0.706344476754	0.0
Latvian_2.6	7007812	0.13432593551	0.0	0.0	0.00153657037492	0.0
Persian_2.7	1306609	0.686866805404	1.0	1.0	0.741344678768	0.0
Korean_2.6	7706305	0.74204439433	1.0	1.0	0.991265486655	1.0
Old_Church_Slavonic_2.6	6506055	0.504161784656	0.0	0.0	0.504529572885	1.0
Polish_2.6	1523067	0.909286671045	1.0	1.0	0.970126355472	1.0
Afrikaans_2.6	9556349	0.680155405947	0.0	0.0	0.63265525994	0.0
Vietnamese_2.6	3841592	0.116212666561	0.0	1.0	0.00229317626409	2.59740192243e-07
Persian_2.6	491949	0.241707218291	0.0	1.09649110791e-07	0.0164827603064	1.0
German_2.6	3096407	0.0792924251842	0.0	5.13241638078e-09	0.0659789818973	1.0
Persian_2.6	7093848	0.935368349857	1.0	0.9999995864	0.995156448363	1.0
Persian_2.6	2588404	0.217469899497	0.0	1.0	0.0927918115948	1.0
German_2.6	4946746	0.0478239447366	0.0	1.96193838953e-09	0.0407524307705	0.999999978935
Vietnamese_2.6	6373982	0.0182999310064	0.0	1.0	0.00451237049125	5.91715626275e-07
German_2.6	6690587	0.0983421399601	0.0	1.96074578795e-09	0.0242058091683	2.47218778782e-09
German_2.6	1496552	0.54233286821	1.0	1.96371052752e-09	0.522297294016	0.999999978795
Vietnamese_2.6	229309	0.867626481354	1.0	1.0	0.943297104582	5.91715626275e-07
German_2.6	9257160	0.782355058391	1.0	0.999999992923	0.773184315547	1.86011901437e-08
Vietnamese_2.6	5677114	0.872670773033	1.0	1.0	0.945302488958	5.91715626275e-07
German_2.6	7621800	0.133949680573	0.0	1.96013083542e-09	0.0665008728671	0.999999978964
German_2.6	9398750	0.91435611837	1.0	0.999999992908	0.972364186344	0.999999978881
Persian_2.6	2569248	0.636246102339	1.0	0.99999958652	0.752638225467	1.0
Persian_2.6	5062253	0.801261551112	1.0	0.99999958664	0.9864314522	1.0
German_2.6	1767231	0.2492807938	0.0	1.95966998184e-09	0.0632792602217	0.999999978893
German_2.6	394057	0.913498575927	1.0	0.999999992916	0.974498069944	0.999999978967
Persian_2.6	9283325	0.757051678204	1.0	0.99999958652	0.765903700973	1.0
Persian_2.6	937266	0.778627145507	1.0	0.99999958664	0.976262131142	1.0
German_2.6	8138058	0.940382772742	1.0	0.999999992915	0.98930390312	0.999999978961
Vietnamese_2.6	6565635	0.101374884664	0.0	1.0	0.0112909345969	2.59740192243e-07
German_2.6	4653806	0.846094856418	1.0	1.95959315441e-09	0.851355649778	0.999999978874
Persian_2.6	1882772	0.360486253584	0.0	1.09529013192e-07	0.0108401081073	1.0
Vietnamese_2.6	8967415	0.898793027489	1.0	1.0	0.984438532998	1.0
Persian_2.6	9007107	0.717347510073	1.0	3.03951275371e-07	0.835780454062	1.0
Vietnamese_2.6	9809018	0.113182489478	0.0	1.0	0.00471186474323	5.91715626275e-07
Persian_2.6	8966666	0.0358209935715	0.0	1.09649110791e-07	0.0162420602453	1.0
German_2.6	5153027	0.420689721088	0.0	1.9641733795e-09	0.338557996522	1.0
Persian_2.6	7620318	0.787568527627	1.0	1.0	0.974491181154	1.0
German_2.6	3199469	0.0569194843692	0.0	5.12610209835e-09	0.00220950549667	1.86323827478e-08
Vietnamese_2.6	3433757	0.0147421883442	0.0	1.0	0.00518101512509	5.91715626275e-07
Persian_2.6	3016253	0.944288095649	1.0	1.0	0.977667932244	1.0
Persian_2.6	7000664	0.20602875434	0.0	1.09529013192e-07	0.00492383021754	1.0
Vietnamese_2.6	1393199	0.0661101459395	0.0	1.0	0.00565547798917	5.91715626275e-07
Vietnamese_2.6	942835	0.0884698935725	0.0	1.0	0.0062567085997	5.91715626275e-07
Vietnamese_2.6	1438105	0.0955870413934	0.0	1.0	0.00847420036608	2.59740192243e-07
Persian_2.6	4284670	0.193753483592	0.0	3.03951275371e-07	0.018617177382	1.0
German_2.6	1737218	0.571685599243	1.0	1.0	0.652706897113	2.47224896111e-09
German_2.6	9376225	0.939221773227	1.0	1.0	0.972422541728	1.0
Persian_2.6	7452743	0.205070079821	0.0	3.03951275371e-07	0.0271949484643	1.0
Vietnamese_2.6	6673431	0.919688115643	1.0	1.0	0.949407966916	5.91715626275e-07
Icelandic_2.7	1875033	0.123642107741	0.0	2.21014007096e-09	0.0111021098108	8.11951916813e-09
Welsh_2.6	8951330	0.228487815814	0.0	1.0	0.272011846863	1.0
Serbian_2.6	8349577	0.737678141956	1.0	1.0	0.874806673527	0.999998971135
Erzya_2.6	3501606	0.520352152116	1.0	1.0	0.535910279154	1.0
Serbian_2.6	1014751	0.628837512021	1.0	2.17391256996e-07	0.654805504265	0.999998970915
Cantonese_2.6	6515721	0.131285067628	0.0	5.07613955536e-07	0.0129006898185	2.70269539826e-06
Estonian_2.6	4112436	0.372237079736	0.0	1.21359220451e-08	0.384920647907	1.0
Armenian_2.6	4472753	0.0877819614561	0.0	1.59235643449e-07	0.0291166747047	0.999997906863
Wolof_2.6	4547151	0.504937863987	1.0	3.11720689261e-08	0.513433745082	0.999999167342
Thai_2.6	7157643	0.288629947405	0.0	1.35134952528e-06	0.222041386863	1.35134952528e-06
Slovak_2.6	3656564	0.0168680932712	0.0	8.40336064067e-08	0.00172396967654	4.03225643875e-07
Urdu_2.6	2630627	0.653173792514	1.0	6.16142906695e-08	0.691576968412	0.999999663709
Maltese_2.6	9534866	0.195513845123	0.0	2.89854988345e-07	0.0523088296642	0.999998045055
Belarusian_2.6	4195821	0.752560261169	1.0	2.22221728408e-06	0.775083057823	1.14942396623e-06
Chinese_2.6	6576592	0.195905635597	0.0	2.6315782542e-07	0.00322950679664	6.03136272037e-08
Hindi_2.6	270253	0.161662188064	0.0	2.51382598071e-08	0.095096094594	0.999999892955
Italian_2.6	4849565	0.581374367276	1.0	1.4293882078e-08	0.544070980672	2.03707472002e-08
Armenian_2.6	3032840	0.182624467227	0.0	1.5898248662e-07	0.0123775378853	3.69003553824e-07
Mbya_Guarani_2.6	4765606	0.226226583408	0.0	1.0	0.220215369474	1.53845917161e-06
Cantonese_2.6	9287693	0.111261036637	0.0	5.07613955536e-07	0.0533052455483	1.0
Gothic_2.6	5557138	0.49909587081	1.0	0.99999981957	0.498873197127	0.999998587283
Slovenian_2.6	6685853	0.456915813167	0.0	1.44508649602e-07	0.41931201605	1.1210761075e-07
Afrikaans_2.6	4049192	0.304422020528	0.0	6.17283912874e-08	0.00205086136177	5.263130194e-06
North_Sami_2.6	1286490	0.234785092103	0.0	0.999999551406	0.189280855544	3.52112552005e-07
Vietnamese_2.6	8864409	0.0422806127962	0.0	1.0	0.00910092115655	5.91715626275e-07
Hebrew_2.6	9369895	0.899241741223	1.0	1.0	0.987854251012	1.0
Akkadian_2.7	1196111	0.877774327069	1.0	6.097557258e-07	0.894036161127	0.99999892544
Galician_2.6	2628490	0.381918166381	0.0	1.0	0.361928650359	2.48756157006e-07
Hungarian_2.6	6074640	0.88866083762	1.0	1.0	0.993907150346	1.0
Scottish_Gaelic_2.6	3098343	0.53361923166	0.0	0.999999155942	0.255245987171	0.999991273042
Basque_2.6	4229398	0.0865707665337	0.0	4.54545247996e-07	0.0562913319445	0.99999948687
Korean_2.6	5903123	0.702991082096	1.0	7.78210056396e-08	0.912808231634	1.0
Russian_2.6	4785014	0.644102584012	1.0	0.999999979233	0.627106218488	8.89679635518e-08
Chinese_2.6	7286986	0.16477451709	0.0	2.62467122591e-07	0.112543577582	1.0
Turkish_2.7	1658703	0.276525801175	0.0	6.16142906695e-08	0.00813333608902	2.45097979135e-07
Spanish_2.6	9966354	0.208734193099	0.0	1.28600821103e-08	0.0206560762996	1.17412232159e-08
Bulgarian_2.6	756505	0.216774702159	0.0	5.20562180029e-08	0.00251130085384	7.95544884413e-08
Afrikaans_2.6	7375324	0.684810832505	0.0	4.99999750048e-07	0.634335362814	0.999989444556
Catalan_2.6	9273985	0.729827637119	1.0	1.0	0.76473127334	1.99084209118e-08
Maltese_2.6	8801511	0.0537346704488	0.0	2.87356239248e-07	0.0111179733713	3.67646923571e-07
Wolof_2.6	4589092	0.728558573213	0.0	0.99999990622	0.750350616	4.87804640126e-07
Hebrew_2.6	7837429	0.17854194584	0.0	1.0	0.171286083841	1.02040805916e-07
Yoruba_2.6	109160	0.0887428830355	0.0	6.21117626665e-07	0.00841927761581	1.11109876557e-05
Akkadian_2.7	9877301	0.697152125192	1.0	0.999998873833	0.698523125601	4.18409866754e-07
Urdu_2.6	2728383	0.150133822926	0.0	6.16142906695e-08	0.0800832333916	0.999999663709
Scottish_Gaelic_2.6	2548347	0.15648308009	0.0	5.6915193114e-08	0.0255242830188	3.93700632428e-07
Bambara_2.6	7686930	0.993499458288	1.0	0.999999717297	0.996735486444	0.999991770901
Turkish_2.7	5617767	0.676562605176	1.0	1.0	0.78778652469	2.45097979135e-07
Greek_2.6	1488411	0.0781481434951	0.0	1.84162028627e-07	0.0317566765185	0.999997398414
Cantonese_2.6	8022748	0.0995705990949	0.0	1.67785206728e-07	0.00971138099519	4.76188208631e-06
Ukrainian_2.6	8726617	0.101683074542	0.0	9.46073703822e-08	0.00902516275287	8.62068222363e-07
Tamil_2.6	7866564	0.143762752606	0.0	0.999995185208	0.0783700376346	6.32910991838e-07
Old_Church_Slavonic_2.6	7576543	0.500405160103	1.0	1.0	0.501918367085	1.38696235941e-07
Thai_2.6	261727	0.293093840312	0.0	4.50450247547e-07	0.226125267884	4.71697890747e-07
Upper_Sorbian_2.6	6691846	0.801007326007	1.0	2.94116782018e-06	0.938168198808	0.999987727423
Norwegian_2.6	6737166	0.163866446425	0.0	3.98263577672e-09	0.0747290587924	0.99999988619
Breton_2.6	6615117	0.71775147929	1.0	3.44826397147e-06	0.667015521249	1.0
Indonesian_2.6	2384427	0.382822651717	0.0	2.75482017753e-07	0.388305639075	5.4054051124e-08
Romanian_2.6	4237701	0.381246005205	0.0	0.999999980765	0.364029569418	2.71296791698e-08
Galician_2.6	5699688	0.851385222867	1.0	0.999999900719	0.903570184337	1.13636234511e-06
Afrikaans_2.6	3466623	0.279626261933	0.0	1.0	0.102909719187	0.999989736947
Norwegian_2.6	8140706	0.171111641998	0.0	1.63719710011e-08	0.0781729169605	1.0
English_2.6	4849350	0.194492306414	0.0	5.32992217028e-09	0.0584741851733	0.999999891919
Lithuanian_2.6	2790689	0.18212761417	0.0	1.0	0.14338021217	3.84613905335e-06
Persian_2.7	4869933	0.107793840352	0.0	3.94011017146e-08	0.0042303821974	1.59235643449e-07
Japanese_2.6	7198870	0.834540017346	1.0	1.14678885943e-07	0.842538562911	1.55279478942e-07
Norwegian_2.6	5423280	0.607155795119	1.0	3.98358768194e-09	0.651649687445	1.0
Ancient_Greek_2.6	8643874	0.195309171134	0.0	1.67476131852e-08	0.0273579197734	5.0813005581e-08
Afrikaans_2.6	6516921	0.272085373643	0.0	4.99999750048e-07	0.0159604188146	1.0
Croatian_2.6	1233639	0.605175876649	1.0	8.7719290498e-08	0.64060638469	0.99999955945
Old_Church_Slavonic_2.6	6866606	0.905210078195	1.0	0.999999790929	0.96268896131	0.999998545324
Faroese_2.6	6120245	0.727214170692	1.0	4.16664930558e-06	0.797202939019	4.99975001251e-05
Naija_2.6	152655	0.254684639848	1.0	1.17137165523e-08	0.197598039985	1.0
Gothic_2.6	1431769	0.640290932437	0.0	0.99999981957	0.641475203998	0.999998587283
Sanskrit_2.6	687788	0.433662722915	0.0	1.0	0.399432511966	1.0
Slovak_2.6	7385085	0.721484245967	1.0	1.0	0.705713830828	6.03500265317e-08
Italian_2.6	4588524	0.737516486719	1.0	1.0	0.764467849344	2.03707472002e-08
Turkish_2.6	2100233	0.688148661235	1.0	1.84162028627e-07	0.833774969733	0.999999219941
Dutch_2.6	6009083	0.8487965419	1.0	1.0	0.910123343729	2.21238889098e-07
Croatian_2.6	6070704	0.292167673783	0.0	1.0	0.176321522028	1.0
Mbya_Guarani_2.6	9255127	0.682779107556	1.0	4.29184365158e-07	0.68382413808	3.33322222593e-05
Gothic_2.6	5964484	0.249574639432	0.0	7.77604916014e-08	0.0555763821458	1.20481782551e-06
Bulgarian_2.6	254145	0.738833189867	1.0	5.19750492645e-08	0.718567810081	1.0
Slovak_2.6	6249482	0.531284961151	1.0	0.999999709781	0.561645240665	0.999999536424
Naija_2.6	8937245	0.540346519824	1.0	1.17219549622e-08	0.547707702416	3.80227992203e-07
Estonian_2.6	8666700	0.147462571349	0.0	2.68528457248e-08	0.0166718454742	1.65562886401e-07
Dutch_2.6	8427943	0.151203907602	0.0	6.45577750147e-08	1.11831802707e-08	2.21238889098e-07
Serbian_2.6	6642622	0.829430260837	1.0	2.17391256996e-07	0.916552955223	8.55431919744e-08
Slovak_2.6	1670386	0.626758009057	1.0	8.40336064067e-08	0.6361065808	4.03225643875e-07
Finnish_2.6	8161624	0.0709750230022	0.0	2.77008302962e-08	0.0409158819867	1.0
Czech_2.6	1388795	0.625855961589	1.0	1.86601974983e-08	0.642906712382	1.0
Maltese_2.6	2278832	0.83012210949	1.0	1.0	0.972721638393	1.0
Icelandic_2.7	6052502	0.282427172239	0.0	2.21062868011e-09	0.236729571172	1.0
North_Sami_2.6	5901596	0.970873193767	1.0	0.999999551568	0.976964703458	3.50877069732e-07
English_2.6	6065921	0.104804997781	0.0	5.32935406916e-09	0.0559401568007	0.999999891911
Croatian_2.6	418834	0.68916890866	1.0	1.57480290142e-07	0.812063980273	4.9925109824e-08
Catalan_2.6	6557550	0.244316612318	0.0	1.0	0.256328256575	1.99044581928e-08
Gothic_2.6	9290357	0.597488165152	1.0	7.78210056396e-08	0.612253825037	1.0
Danish_2.6	5220362	0.637724782644	1.0	1.01522832252e-07	0.663804628739	7.14285204095e-07
Upper_Sorbian_2.6	6813154	0.827556414483	1.0	1.0	0.953853442431	9.99990000095e-06
Thai_2.6	1455849	0.113397340012	0.0	1.35134952528e-06	0.00434480367464	1.35134952528e-06
Welsh_2.6	6161594	0.283389592107	0.0	1.42856938778e-06	0.0462245453602	1.0
Turkish_2.6	6966039	0.359750461601	0.0	0.999999662228	0.377194935346	1.0
Lithuanian_2.6	2092946	0.205452456674	0.0	1.95694677907e-07	0.00684966265604	5.81395010801e-07
Sanskrit_2.6	7147940	0.159690607735	0.0	1.01010090736e-07	0.0114261397977	5.5555246915e-06
Finnish_2.6	5876149	0.113056265164	0.0	2.76854921211e-08	0.00478773129336	1.39275746602e-07
Danish_2.6	4260485	0.093819165846	0.0	1.01522832252e-07	0.0381356349778	1.0
Vietnamese_2.6	7082469	0.0956532641735	0.0	1.0	0.00403659838438	2.59740192243e-07
Uyghur_2.6	3678446	0.789749969318	1.0	0.99999944195	0.903964832642	0.9999400036
Slovak_2.6	3192012	0.630202000109	1.0	2.06185524432e-07	0.63880635365	6.03500265317e-08
Armenian_2.6	1365558	0.223467442258	0.0	1.5898248662e-07	0.0320439237987	0.999997906863
Polish_2.6	6402987	0.116382996419	0.0	2.71076165959e-08	0.00859847412893	1.98807117435e-07
Estonian_2.6	5117171	0.954262979011	1.0	1.0	0.998613713946	1.0
Japanese_2.6	435646	0.837131520591	1.0	1.0	0.837413449752	1.55279478942e-07
Coptic_2.6	9205496	0.0510088885135	0.0	1.03519657957e-07	0.0101033608222	9.09082644696e-06
Arabic_2.6	3530275	0.677878042052	1.0	9.90197035478e-09	0.712549527634	3.63240089118e-08
Finnish_2.6	8163559	0.694679262199	1.0	1.29988300124e-08	0.701409731842	1.0
Kazakh_2.6	6613598	0.805586422871	1.0	1.69491238156e-06	0.848063417114	7.1428061228e-06
Irish_2.6	3812510	0.474960785623	1.0	9.00089928146e-08	0.646602626289	0.999997856608
Coptic_2.6	563189	0.0612168592171	0.0	1.03092772874e-07	0.0237987476849	1.0
Basque_2.6	4802396	0.905118309731	1.0	0.999998246756	0.987538142154	0.999999489011
Yoruba_2.6	1681899	0.622262489983	1.0	1.90839658187e-07	0.655763502963	0.999987500156
Indonesian_2.6	374880	0.128810340823	0.0	4.49034556205e-08	0.00443434725715	5.4054051124e-08
Turkish_2.6	8930337	0.253757416663	0.0	1.5360980743e-07	0.0447813716947	0.99999922005
Welsh_2.6	6529936	0.240848153381	0.0	2.42718387611e-07	0.044505532918	0.999987418459
Old_French_2.6	4857589	0.503239314805	1.0	1.08166574586e-08	0.503284269999	0.999999724829
Dutch_2.6	580179	0.106350686645	0.0	1.35998909911e-08	0.0213503239286	3.92156848106e-08
Persian_2.7	1933412	0.229049179134	0.0	0.999999939259	0.136804232225	0.999999812635
Swedish_2.6	5893610	0.209847343673	0.0	3.9556960596e-08	0.0454069956182	1.0
Spanish_2.6	4732104	0.0825806767274	0.0	1.28600821103e-08	0.00825120592953	1.17412232159e-08
Indonesian_2.6	54447	0.127806090462	0.0	1.0	0.0792319722134	1.25313267429e-07
Finnish_2.6	7701479	0.737107537145	1.0	0.999999959303	0.817644941024	1.0
Kurmanji_2.6	2019287	0.69732983828	1.0	4.71697890747e-07	0.617905825588	1.0
Estonian_2.6	926265	0.415899549774	0.0	0.999999961011	0.312935097445	1.0
Buryat_2.6	8895524	0.893951448766	1.0	1.0	0.993606510794	1.0
Romanian_2.6	1317350	0.139082143414	0.0	9.79623804298e-09	0.0162410456471	1.0
Tamil_2.6	4646362	0.0995751460435	0.0	1.11110987655e-06	0.00223713596485	6.32910991838e-07
Czech_2.6	7339745	0.662885218976	1.0	1.86671641478e-08	0.664032344065	8.2918738542e-09
Buryat_2.6	7156398	0.837736162976	1.0	1.1235942432e-06	0.911153780746	0.999988648778
Tamil_2.6	2551035	0.217961260027	0.0	1.11110987655e-06	0.0648769429805	0.999995795678
Tamil_2.6	8723768	0.209852698661	0.0	3.70368998637e-06	0.0626400307293	1.0
Persian_2.7	4463005	0.218842127715	0.0	0.999999939243	0.136692093662	0.999999812619
English_2.6	1212619	0.410535019507	1.0	1.98255349915e-08	0.279680552076	7.98084532905e-08
Breton_2.6	7849540	0.630508666591	1.0	0.999995019832	0.763916589659	9.99990000095e-06
Korean_2.6	4741318	0.765843338157	1.0	1.61812271471e-07	0.908686905433	1.0
Old_Church_Slavonic_2.6	9444183	0.63955314456	1.0	6.79809606385e-08	0.630574000894	1.31578774243e-06
Serbian_2.6	4981358	0.174737899635	0.0	6.41025230119e-07	0.00114225700502	9.43395336406e-07
Naija_2.6	414850	0.0824497946279	0.0	1.17123445387e-08	0.0488568311261	3.80227992203e-07
Persian_2.7	4801276	0.0993387548805	0.0	2.13401617488e-08	0.00322293164595	2.81214840303e-08
French_2.6	4436001	0.526237500755	0.0	1.0	0.550413914758	1.0
Afrikaans_2.6	4160894	0.182621357175	0.0	0.999999435835	0.104896581757	0.999989736947
Hungarian_2.6	3926239	0.754543580985	1.0	4.78468670573e-07	0.82654586399	3.12499902289e-07
North_Sami_2.6	8657490	0.741885845612	1.0	9.009008195e-08	0.781165258729	3.50877069732e-07
Faroese_2.7	1038757	0.166443985718	0.0	4.30663203987e-08	0.051401515731	1.6611292919e-07
Russian_2.6	8551389	0.529971881819	1.0	0.999999979235	0.571734886529	1.5615240212e-08
Mbya_Guarani_2.6	5623013	0.599472990777	1.0	2.56409598953e-06	0.599733986047	3.33322222593e-05
Sanskrit_2.6	785425	0.0869250588525	0.0	1.00806441417e-07	0.0175770306347	5.5555246915e-06
Upper_Sorbian_2.6	5721374	0.843303520888	1.0	0.999993487437	0.999999716714	0.999986616341
Classical_Chinese_2.6	7960224	0.178778638375	0.0	3.67511930888e-08	0.122718404099	2.12314179904e-07
English_2.6	5353684	0.278319465003	0.0	0.999999974848	0.227830560667	2.83286111236e-08
Russian_2.6	4839806	0.377134255939	0.0	5.41066991211e-09	0.361903879536	8.89679635518e-08
Irish_2.6	8878948	0.538399315444	1.0	4.71697890747e-07	0.761076317352	1.0
Greek_2.6	8422336	0.44096769728	0.0	1.0	0.234460145562	4.73933424727e-07
Irish_2.6	4284915	0.623189942675	1.0	1.0	0.98968935178	1.0
Armenian_2.6	4719778	0.203623835616	0.0	1.5898248662e-07	0.028681693332	0.999997905496
English_2.6	61478	0.0827804437969	0.0	1.98294661802e-08	0.00810408452442	7.97448101997e-08
Belarusian_2.6	9828137	0.837363481514	1.0	0.99999719639	0.839684931575	8.33326388949e-06
Mbya_Guarani_2.6	2435273	0.127784404354	0.0	0.999997070824	0.121812996654	0.999965105384
Tamil_2.6	3064039	0.10241216424	0.0	1.11110987655e-06	0.0111856798242	6.32910991838e-07
Buryat_2.6	6068340	0.628235951915	1.0	1.1235942432e-06	0.688444313077	0.999988666795
Sanskrit_2.6	227511	0.545568988732	1.0	1.43884871351e-07	0.520856879565	1.0
Galician_2.6	5695398	0.12024576844	0.0	5.37056898953e-08	0.0270159364707	1.14942396623e-06
Finnish_2.6	1760482	0.894654115021	1.0	0.99999995931	0.976486025297	0.999999835096
Turkish_2.7	7766579	0.372349014967	0.0	0.999999902633	0.270538804503	2.45097979135e-07
Vietnamese_2.6	6656629	0.116645469835	0.0	1.0	0.00471186474323	5.91715626275e-07
Danish_2.6	4289269	0.656407851465	1.0	2.65674807709e-08	0.713885804469	1.06723574533e-07
Buryat_2.6	1917996	0.641616130522	1.0	1.0	0.669352082096	9.99990000095e-06
Afrikaans_2.6	5512431	0.164674594918	0.0	6.15763509071e-08	0.013074834457	0.999989736947
Old_French_2.6	8306371	0.214972517249	0.0	1.57257428191e-08	0.160515164941	5.73065869203e-08
Urdu_2.6	9516752	0.721588145288	1.0	6.16142906695e-08	0.731592202992	1.0
Old_French_2.6	3985610	0.491480991951	1.0	1.57282161739e-08	0.490054811376	2.17864876251e-07
Kurmanji_2.6	713139	0.205443726124	0.0	4.69483347643e-07	0.154888550524	1.0
Armenian_2.6	4968845	0.70623301812	1.0	1.0	0.854645839185	0.999997906863
Wolof_2.6	463541	0.185772444825	1.0	6.2578218829e-08	0.18249710202	4.85436657538e-07
Bulgarian_2.6	2802667	0.200216825245	0.0	5.20291335571e-08	0.000251067034898	7.95544884413e-08
Scottish_Gaelic_2.6	5610133	0.157262707191	0.0	5.67214941682e-08	0.0402762214108	0.999991269917
Sanskrit_2.6	7536357	0.863992828913	1.0	0.999999754792	0.987221397534	1.0
