Language	Fraction	DepLen	DepLenBest	DepLenBest1	DepLen1	DepLenReal
Coptic_2.6	0	2.69702887535	0.00822175201029	-78.1724243164	-78.6937942505	-78.2922210693
Coptic_2.6	1	0.126883849502	-0.774019241333	-74.9819107056	-75.4655990601	-75.0688247681
Coptic_2.6	2	-1.35434055328	-1.17430114746	-69.2078933716	-69.6293258667	-69.2666168213
Coptic_2.6	3	-2.42475247383	-1.38289880753	-61.2708473206	-61.6217842102	-61.2858810425
Coptic_2.6	4	-3.19935178757	-1.58256983757	-51.3615226746	-51.6383399963	-51.3455467224
Coptic_2.6	5	-3.74489355087	-1.59290575981	-39.4545440674	-39.6280822754	-39.3887710571
Coptic_2.6	6	-4.09669923782	-1.59290575981	-25.3366222382	-25.3991031647	-25.2473564148
Coptic_2.6	7	-4.25632762909	-1.52478265762	-8.93868923187	-8.88655090332	-8.83485984802
Coptic_2.6	8	-4.22696781158	-1.32464182377	10.4604177475	10.653512001	10.568944931
Coptic_2.6	9	-3.98484802246	-1.06577396393	34.9837913513	35.3201637268	35.0960769653
Coptic_2.6	10	-2.69702887535	-0.00822175201029	78.1724243164	78.6937942505	78.2922210693
Uyghur_2.6	0	-1.88215398788	-0.522399783134	-25.3903579712	-26.9107780457	-27.0212211609
Uyghur_2.6	1	-3.05316615105	-1.85957562923	-24.6311244965	-26.1110115051	-26.2336921692
Uyghur_2.6	2	-3.34546113014	-2.21692419052	-23.2263565063	-24.6140708923	-24.7566146851
Uyghur_2.6	3	-3.42006611824	-2.34686923027	-21.2604141235	-22.4923057556	-22.6518211365
Uyghur_2.6	4	-3.29631567001	-2.34686923027	-18.6667537689	-19.6855125427	-19.8747711182
Uyghur_2.6	5	-3.01795840263	-2.16976690292	-15.4333248138	-16.2020244598	-16.3714962006
Uyghur_2.6	6	-2.56943106651	-1.96960961819	-11.4228448868	-11.9128017426	-12.0597324371
Uyghur_2.6	7	-1.95335495472	-1.5855383873	-6.46712064743	-6.60078048706	-6.73408412933
Uyghur_2.6	8	-1.13881742954	-1.16164529324	-0.157977461815	0.100985310972	0.025150641799
Uyghur_2.6	9	-0.0373298488557	-0.55907779932	8.42048740387	9.17222499847	9.18208026886
Uyghur_2.6	10	1.88215398788	0.522399783134	25.3903579712	26.9107780457	27.0212211609
Irish_2.6	0	2.2023973465	-0.543550670147	-91.1577835083	-91.6790847778	-91.449546814
Irish_2.6	1	-0.980150222778	-1.92336976528	-89.7751083374	-90.2878570557	-90.0073776245
Irish_2.6	2	-2.66593956947	-2.56734895706	-86.4038543701	-86.8892974854	-86.5333175659
Irish_2.6	3	-3.85906124115	-2.98286533356	-81.0406951904	-81.4765930176	-81.0297470093
Irish_2.6	4	-4.72237300873	-3.22989058495	-73.7670135498	-74.1441650391	-73.550453186
Irish_2.6	5	-5.31974554062	-3.4302713871	-64.527130127	-64.808631897	-64.1316070557
Irish_2.6	6	-5.70547437668	-3.48167538643	-53.129699707	-53.29845047	-52.6532592773
Irish_2.6	7	-5.88865423203	-3.48167538643	-38.9088516235	-38.9593086243	-38.3357925415
Irish_2.6	8	-5.83225822449	-3.30747270584	-21.4276542664	-21.3552398682	-20.8488807678
Irish_2.6	9	-5.37918519974	-2.77772498131	2.24345541	2.50287055969	2.81032848358
Irish_2.6	10	-2.2023973465	0.543550670147	91.1577835083	91.6790847778	91.449546814
Lithuanian_2.6	0	-0.18600858748	-1.27498018742	-56.1840248108	-57.5740318298	-55.4793052673
Lithuanian_2.6	1	-2.9079079628	-2.85209608078	-54.5336151123	-55.8677482605	-53.839969635
Lithuanian_2.6	2	-4.30486869812	-3.40205645561	-51.2064323425	-52.4440498352	-50.5512771606
Lithuanian_2.6	3	-5.20127439499	-3.64513587952	-46.4313201904	-47.5363693237	-45.8520965576
Lithuanian_2.6	4	-5.75223255157	-3.74532032013	-40.3132095337	-41.2443084717	-39.8520965576
Lithuanian_2.6	5	-6.0204372406	-3.74532032013	-32.8921699524	-33.6141700745	-32.5307159424
Lithuanian_2.6	6	-6.02439069748	-3.57869768143	-23.9873447418	-24.4402523041	-23.7255477905
Lithuanian_2.6	7	-5.76746749878	-3.32454514503	-13.0524654388	-13.2061462402	-12.9815444946
Lithuanian_2.6	8	-5.18946123123	-2.86844182014	0.824149727821	1.00542116165	0.661481678486
Lithuanian_2.6	9	-3.98815917969	-1.99050879478	19.583442688	20.2237186432	19.1513309479
Lithuanian_2.6	10	0.18600858748	1.27498018742	56.1840248108	57.5740318298	55.4793052673
Korean_2.6	0	-0.185170158744	0.810548305511	-32.5381355286	-33.9139556885	-33.8197364807
Korean_2.6	1	-2.38483214378	-1.48102498055	-31.3888015747	-32.7091789246	-32.6300621033
Korean_2.6	2	-3.16935896873	-2.30658888817	-29.1180706024	-30.3104286194	-30.2576580048
Korean_2.6	3	-3.57067894936	-2.73300457001	-25.9546909332	-26.9705734253	-26.9609298706
Korean_2.6	4	-3.77064156532	-2.93298959732	-21.8994846344	-22.6969680786	-22.7277011871
Korean_2.6	5	-3.80499649048	-3.02696847916	-16.9107646942	-17.4694728851	-17.5412368774
Korean_2.6	6	-3.64126634598	-2.99992537498	-10.9248094559	-11.1968288422	-11.3195133209
Korean_2.6	7	-3.31178307533	-2.79994034767	-3.82485437393	-3.79686689377	-3.95861339569
Korean_2.6	8	-2.72207641602	-2.49081134796	4.62397289276	4.99601984024	4.80240535736
Korean_2.6	9	-1.77079665661	-1.97900795937	15.1428728104	15.9202365875	15.7309875488
Korean_2.6	10	0.185170158744	-0.810548305511	32.5381355286	33.9139556885	33.8197364807
Bambara_2.6	0	1.62223958969	-0.568120598793	-44.5131950378	-44.9776191711	-44.8012924194
Bambara_2.6	1	-0.864964723587	-1.20247709751	-43.6031227112	-44.063331604	-43.8890686035
Bambara_2.6	2	-1.95467793941	-1.42110931873	-41.6408195496	-42.0306816101	-41.8944549561
Bambara_2.6	3	-2.72336745262	-1.62143242359	-38.6768989563	-39.0103034973	-38.8745269775
Bambara_2.6	4	-3.24437260628	-1.65589666367	-34.6262779236	-34.8855705261	-34.7582130432
Bambara_2.6	5	-3.56151819229	-1.63327944279	-29.6655902863	-29.8466739655	-29.7415180206
Bambara_2.6	6	-3.67717695236	-1.43295633793	-23.4523429871	-23.5412139893	-23.4614963531
Bambara_2.6	7	-3.59167003632	-1.20247709751	-15.5869684219	-15.579372406	-15.5530424118
Bambara_2.6	8	-3.28809189796	-0.801830887794	-5.19493818283	-5.0560464859	-5.07915973663
Bambara_2.6	9	-2.73855209351	-0.281637042761	9.60743141174	9.89820861816	9.80613899231
Bambara_2.6	10	-1.62223958969	0.568120598793	44.5131950378	44.9776191711	44.8012924194
Mbya_Guarani_2.6	0	-0.0413885712624	-0.00307692307979	-18.1154651642	-18.2465457916	-18.1462345123
Mbya_Guarani_2.6	1	-0.332695543766	-0.227854251862	-17.1473674774	-17.2730445862	-17.1813774109
Mbya_Guarani_2.6	2	-0.332695543766	-0.227854251862	-15.5774898529	-15.6960296631	-15.6134414673
Mbya_Guarani_2.6	3	-0.332695543766	-0.227854251862	-13.6448583603	-13.7475004196	-13.6817817688
Mbya_Guarani_2.6	4	-0.332695543766	-0.227854251862	-11.3533601761	-11.4505653381	-11.3899593353
Mbya_Guarani_2.6	5	-0.332695513964	-0.227854251862	-8.65829944611	-8.73670196533	-8.6926317215
Mbya_Guarani_2.6	6	-0.332695543766	-0.227854251862	-5.39611339569	-5.4571480751	-5.42591094971
Mbya_Guarani_2.6	7	-0.332695543766	-0.227854251862	-1.57133603096	-1.60873162746	-1.60016191006
Mbya_Guarani_2.6	8	-0.332695543766	-0.227854251862	3.07805657387	3.06805157661	3.05732798576
Mbya_Guarani_2.6	9	-0.332695543766	-0.227854251862	8.92129516602	8.94539737701	8.9141702652
Mbya_Guarani_2.6	10	0.0413885712624	0.00307692307979	18.1154651642	18.2465457916	18.1462345123
Welsh_2.6	0	1.86235284805	-0.980709373951	-44.6471672058	-45.1872634888	-44.4785308838
Welsh_2.6	1	-0.796622216702	-1.95146238804	-43.539516449	-44.0797233582	-43.2713127136
Welsh_2.6	2	-2.50024795532	-2.36216545105	-41.4523963928	-41.9847145081	-41.09582901
Welsh_2.6	3	-3.68880295753	-2.56253886223	-38.0448036194	-38.5276947021	-37.606098175
Welsh_2.6	4	-4.45599460602	-2.76166772842	-33.0342254639	-33.44506073	-32.5594291687
Welsh_2.6	5	-4.96919822693	-2.77286863327	-26.4891109467	-26.7938308716	-26.0640945435
Welsh_2.6	6	-5.3078083992	-2.77286863327	-18.246421814	-18.4145793915	-17.9321708679
Welsh_2.6	7	-5.46970748901	-2.65463590622	-8.18419456482	-8.18673419952	-7.94710636139
Welsh_2.6	8	-5.36865997314	-2.39825773239	4.37958908081	4.49015045166	4.49222135544
Welsh_2.6	9	-4.82708454132	-1.77722465992	20.1057872772	20.3842754364	19.9794654846
Welsh_2.6	10	-1.86235284805	0.980709373951	44.6471672058	45.1872634888	44.4785308838
Thai_2.6	0	2.07733726501	-0.479950636625	-55.1073417664	-55.9056854248	-55.2924118042
Thai_2.6	1	-0.309469401836	-1.40777301788	-51.784702301	-52.533908844	-51.9660720825
Thai_2.6	2	-1.82529580593	-1.83466994762	-46.0956192017	-46.7638702393	-46.2634162903
Thai_2.6	3	-2.90279436111	-2.06662559509	-38.9099311829	-39.462802887	-39.0518188477
Thai_2.6	4	-3.66693711281	-2.26650214195	-30.5163478851	-30.9475536346	-30.6286239624
Thai_2.6	5	-4.17743635178	-2.30968546867	-21.0037021637	-21.2938632965	-21.0826644897
Thai_2.6	6	-4.48301935196	-2.30968546867	-10.2609500885	-10.3890752792	-10.3028993607
Thai_2.6	7	-4.58775806427	-2.22085142136	2.00061678886	2.06986665726	1.99444782734
Thai_2.6	8	-4.47820615768	-2.00493526459	15.9870452881	16.2509346008	16.051202774
Thai_2.6	9	-4.04703569412	-1.47933375835	32.3658218384	32.8640899658	32.4830360413
Thai_2.6	10	-2.07733726501	0.479950636625	55.1073417664	55.9056854248	55.2924118042
Slovak_2.6	0	-0.415142297745	-0.902750492096	-20.2621383667	-20.9208545685	-19.7998886108
Slovak_2.6	1	-1.86060535908	-1.7652258873	-19.6269989014	-20.2779273987	-19.1742916107
Slovak_2.6	2	-2.61309742928	-2.10342407227	-18.4167842865	-19.0474052429	-17.9778270721
Slovak_2.6	3	-3.08074522018	-2.30325579643	-16.6730289459	-17.2486915588	-16.2719612122
Slovak_2.6	4	-3.33357071877	-2.31279826164	-14.4010667801	-14.896774292	-14.0454673767
Slovak_2.6	5	-3.40075397491	-2.31223678589	-11.5503787994	-11.9509277344	-11.2582092285
Slovak_2.6	6	-3.27735877037	-2.11240530014	-8.05304527283	-8.32769012451	-7.81700801849
Slovak_2.6	7	-3.00817370415	-1.89657592773	-3.68425488472	-3.82604074478	-3.57676124573
Slovak_2.6	8	-2.55085325241	-1.49691271782	1.75806903839	1.79204452038	1.73645806313
Slovak_2.6	9	-1.81126987934	-0.893488645554	8.79006481171	9.06642436981	8.58489990234
Slovak_2.6	10	0.415142297745	0.902750492096	20.2621383667	20.9208545685	19.7998886108
Arabic_2.6	0	0.229951784015	-0.18733753264	-111.910400391	-111.939224243	-111.792381287
Arabic_2.6	1	-0.677519381046	-0.3717854321	-107.856544495	-107.883377075	-107.747116089
Arabic_2.6	2	-0.677519381046	-0.3717854321	-99.7969818115	-99.8206710815	-99.7007980347
Arabic_2.6	3	-0.677519381046	-0.3717854321	-88.981880188	-89.0028152466	-88.900352478
Arabic_2.6	4	-0.677519381046	-0.3717854321	-75.6247940063	-75.6424026489	-75.5585250854
Arabic_2.6	5	-0.677519381046	-0.3717854321	-59.7270202637	-59.7405166626	-59.6771202087
Arabic_2.6	6	-0.677519381046	-0.3717854321	-40.827999115	-40.8375701904	-40.7957267761
Arabic_2.6	7	-0.677519381046	-0.3717854321	-18.3188838959	-18.3234500885	-18.3062839508
Arabic_2.6	8	-0.677519381046	-0.3717854321	9.0923500061	9.09378623962	9.07830619812
Arabic_2.6	9	-0.677519381046	-0.3717854321	44.8640518188	44.8736686707	44.8136177063
Arabic_2.6	10	-0.229951784015	0.18733753264	111.910400391	111.939224243	111.792381287
Japanese_2.6	0	0.157793179154	0.214631304145	-112.267242432	-112.538543701	-112.488365173
Japanese_2.6	1	-0.63222694397	-0.453432291746	-109.735618591	-109.996704102	-109.95009613
Japanese_2.6	2	-0.63222694397	-0.453432291746	-104.389480591	-104.627685547	-104.587165833
Japanese_2.6	3	-0.632226884365	-0.453432291746	-96.4522247314	-96.6588058472	-96.6246490479
Japanese_2.6	4	-0.632226884365	-0.453432291746	-85.787902832	-85.9523468018	-85.9269943237
Japanese_2.6	5	-0.63222694397	-0.453432291746	-71.8746643066	-71.990447998	-71.975692749
Japanese_2.6	6	-0.632227003574	-0.453432291746	-54.0199165344	-54.0807304382	-54.0759086609
Japanese_2.6	7	-0.63222694397	-0.453432291746	-31.1551265717	-31.1556110382	-31.1619338989
Japanese_2.6	8	-0.63222694397	-0.453432291746	-1.08314776421	-1.01321613789	-1.03197240829
Japanese_2.6	9	-0.632226884365	-0.453432291746	40.4565658569	40.6033668518	40.5700798035
Japanese_2.6	10	-0.157793179154	-0.214631304145	112.267242432	112.538543701	112.488365173
Persian_2.6	0	-2.06638479233	-3.55074095726	-117.848968506	-120.391189575	-120.16608429
Persian_2.6	1	-5.66310548782	-4.93664455414	-115.222419739	-117.649780273	-117.409889221
Persian_2.6	2	-7.47369623184	-5.29777145386	-109.169700623	-111.35005188	-111.086547852
Persian_2.6	3	-8.54328155518	-5.42538738251	-99.9607391357	-101.781906128	-101.528450012
Persian_2.6	4	-9.03541374207	-5.33080673218	-87.4896469116	-88.8699951172	-88.6199798584
Persian_2.6	5	-9.05889797211	-5.03371429443	-71.6876373291	-72.5839691162	-72.3989105225
Persian_2.6	6	-8.61452579498	-4.51917648315	-52.2481040955	-52.6107902527	-52.4462051392
Persian_2.6	7	-7.70048666	-3.743070364	-28.1926689148	-27.9357032776	-27.8067646027
Persian_2.6	8	-6.20521783829	-2.56963467598	2.37436366081	3.33216428757	3.38567709923
Persian_2.6	9	-3.76450610161	-0.675302624702	43.7684135437	45.5517158508	45.4872741699
Persian_2.6	10	2.06638479233	3.55074095726	117.848968506	120.391189575	120.16608429
Faroese_2.6	0	-0.208072155714	-0.709134638309	-12.5488786697	-12.7405519485	-12.8389425278
Faroese_2.6	1	-1.16422665119	-1.42868590355	-11.8902244568	-12.0811624527	-12.178686142
Faroese_2.6	2	-1.73211860657	-1.74439108372	-10.7764425278	-10.9658899307	-11.0488786697
Faroese_2.6	3	-2.11589455605	-1.94471156597	-9.35657024384	-9.54295539856	-9.59535217285
Faroese_2.6	4	-2.34151244164	-1.94631409645	-7.63221168518	-7.80194425583	-7.8261218071
Faroese_2.6	5	-2.44470715523	-1.9334936142	-5.67067289352	-5.81720256805	-5.79246807098
Faroese_2.6	6	-2.36843299866	-1.73477566242	-3.37580132484	-3.48859429359	-3.43509626389
Faroese_2.6	7	-2.16813278198	-1.53445518017	-0.697916686535	-0.756493985653	-0.675480782986
Faroese_2.6	8	-1.79557335377	-1.13381409645	2.51041674614	2.50792241096	2.6033654213
Faroese_2.6	9	-1.18666017056	-0.600160241127	6.46875	6.5317196846	6.61618566513
Faroese_2.6	10	0.208072155714	0.709134638309	12.5488786697	12.7405519485	12.8389425278
Spanish_2.6	0	1.52858889103	-1.25386309624	-80.6555633545	-82.3760986328	-79.4592285156
Spanish_2.6	1	-2.21818804741	-3.03272676468	-77.4418258667	-79.0761184692	-76.3011627197
Spanish_2.6	2	-4.47984600067	-3.80775403976	-71.4254074097	-72.8991088867	-70.3781509399
Spanish_2.6	3	-6.08599710464	-4.29786300659	-63.1479454041	-64.4074401855	-62.2318534851
Spanish_2.6	4	-7.19250392914	-4.54668998718	-52.6782836914	-53.6806335449	-51.9123001099
Spanish_2.6	5	-7.90370941162	-4.64201974869	-39.9525909424	-40.6698608398	-39.3795394897
Spanish_2.6	6	-8.28348922729	-4.62980365753	-24.8402671814	-25.2405033112	-24.4911384583
Spanish_2.6	7	-8.33956623077	-4.4297990799	-7.02188205719	-7.04095935822	-6.92736673355
Spanish_2.6	8	-7.98891830444	-4.02074623108	14.1848735809	14.6048297882	13.9615077972
Spanish_2.6	9	-6.82395076752	-3.03448414803	40.4121818542	41.3787002563	39.7568321228
Spanish_2.6	10	-1.52858889103	1.25386309624	80.6555633545	82.3760986328	79.4592285156
Danish_2.6	0	0.356233537197	-1.24799120426	-54.6905899048	-55.7760162354	-54.969291687
Danish_2.6	1	-1.92974638939	-2.28090262413	-53.0883865356	-54.1471405029	-53.3589439392
Danish_2.6	2	-3.2611489296	-2.73373699188	-49.8058319092	-50.8113861084	-50.0605392456
Danish_2.6	3	-4.16846513748	-2.95564126968	-45.1806259155	-46.0820922852	-45.405834198
Danish_2.6	4	-4.77945613861	-3.08002209663	-39.1423225403	-39.9388542175	-39.338470459
Danish_2.6	5	-5.15516042709	-3.08002209663	-31.5575122833	-32.2058410645	-31.7182159424
Danish_2.6	6	-5.32892227173	-2.98007702827	-22.2844257355	-22.7447566986	-22.3907546997
Danish_2.6	7	-5.2717795372	-2.78018712997	-10.9358282089	-11.1669111252	-11.0040721893
Danish_2.6	8	-4.97085237503	-2.44050621986	3.54562473297	3.62714290619	3.55795264244
Danish_2.6	9	-4.14088487625	-1.77479362488	22.6003303528	23.0524520874	22.6934509277
Danish_2.6	10	-0.356233537197	1.24799120426	54.6905899048	55.7760162354	54.969291687
English_2.6	0	1.98732793331	-0.315071940422	-53.183719635	-53.8999137878	-53.1775588989
English_2.6	1	-0.641357183456	-1.40964889526	-51.5925140381	-52.2926101685	-51.5769958496
English_2.6	2	-2.12341928482	-1.86487579346	-48.4029579163	-49.0519714355	-48.3847236633
English_2.6	3	-3.1676774025	-2.09316825867	-43.8133621216	-44.3932304382	-43.7938690186
English_2.6	4	-3.89484214783	-2.25133323669	-37.8903808594	-38.3814697266	-37.8693771362
English_2.6	5	-4.37434864044	-2.25133323669	-30.5258579254	-30.9020805359	-30.5154685974
English_2.6	6	-4.63222312927	-2.24313306808	-21.5276679993	-21.7587184906	-21.5224628448
English_2.6	7	-4.69557094574	-2.04311299324	-10.5349636078	-10.5898399353	-10.5247764587
English_2.6	8	-4.53389835358	-1.80420565605	3.13763952255	3.27635288239	3.14712238312
English_2.6	9	-4.09719324112	-1.36170637608	20.989938736	21.3755321503	20.9937877655
English_2.6	10	-1.98732793331	0.315071940422	53.183719635	53.8999137878	53.1775588989
Kurmanji_2.6	0	-1.7003159523	-1.70230865479	-39.3851776123	-40.4687347412	-40.6051025391
Kurmanji_2.6	1	-3.35750126839	-2.57958698273	-37.645198822	-38.6817970276	-38.8189544678
Kurmanji_2.6	2	-4.08744049072	-2.85176181793	-34.7217483521	-35.6463737488	-35.7934379578
Kurmanji_2.6	3	-4.41693353653	-2.95139741898	-30.9453220367	-31.7092247009	-31.8153095245
Kurmanji_2.6	4	-4.44268989563	-2.86634254456	-26.3329277039	-26.9026527405	-27.0109348297
Kurmanji_2.6	5	-4.16835546494	-2.63547992706	-20.9720535278	-21.2575321198	-21.3171329498
Kurmanji_2.6	6	-3.61968684196	-2.23693799973	-14.5006074905	-14.5471467972	-14.5200481415
Kurmanji_2.6	7	-2.82486963272	-1.68772780895	-6.56136083603	-6.36132907867	-6.36452007294
Kurmanji_2.6	8	-1.82885718346	-1.01458084583	3.04252743721	3.54872846603	3.59416770935
Kurmanji_2.6	9	-0.53153860569	-0.0935601443052	15.4678010941	16.1943721771	16.294046402
Kurmanji_2.6	10	1.7003159523	1.70230865479	39.3851776123	40.4687347412	40.6051025391
Czech_2.6	0	-0.854574382305	-2.00058698654	-51.4395599365	-52.7897987366	-50.4213562012
Czech_2.6	1	-3.23241782188	-3.19591712952	-49.898815155	-51.2162590027	-48.8940162659
Czech_2.6	2	-4.49296140671	-3.67849087715	-46.7014312744	-47.9207687378	-45.7631721497
Czech_2.6	3	-5.31663179398	-3.88834095001	-42.1672363281	-43.2605628967	-41.3348617554
Czech_2.6	4	-5.82236433029	-3.95778536797	-36.3495941162	-37.2726554871	-35.6554908752
Czech_2.6	5	-6.06292295456	-3.93947458267	-29.1923866272	-29.9168338776	-28.6583538055
Czech_2.6	6	-6.04510116577	-3.73947286606	-20.5734348297	-21.052822113	-20.221124649
Czech_2.6	7	-5.72003793716	-3.39710903168	-10.2037277222	-10.3852777481	-10.0732517242
Czech_2.6	8	-5.01535654068	-2.80559921265	2.45871067047	2.64226841927	2.31793022156
Czech_2.6	9	-3.59615945816	-1.62650930882	18.7224006653	19.3652248383	18.2311038971
Czech_2.6	10	0.854574382305	2.00058698654	51.4395599365	52.7897987366	50.4213562012
Icelandic_2.6	0	1.67366576195	-0.332777768373	-39.7388877869	-40.3089752197	-39.7838897705
Icelandic_2.6	1	-0.30758035183	-1.21500003338	-37.6177787781	-38.1631736755	-37.6583328247
Icelandic_2.6	2	-1.59245181084	-1.66277778149	-33.8600006104	-34.3364639282	-33.8605537415
Icelandic_2.6	3	-2.55268859863	-1.94277775288	-29.0788879395	-29.4973945618	-29.0450000763
Icelandic_2.6	4	-3.25617241859	-2.14277768135	-23.4799995422	-23.8082885742	-23.4461116791
Icelandic_2.6	5	-3.73801493645	-2.18499994278	-16.9511108398	-17.206281662	-16.9172229767
Icelandic_2.6	6	-4.00998926163	-2.18499994278	-9.48777770996	-9.64559268951	-9.45055580139
Icelandic_2.6	7	-4.09086847305	-2.0516667366	-0.733333349228	-0.7338129282	-0.732777774334
Icelandic_2.6	8	-3.9532160759	-1.82277774811	9.4855556488	9.66047668457	9.47611141205
Icelandic_2.6	9	-3.53081512451	-1.35722219944	21.8977775574	22.2742137909	21.8683338165
Icelandic_2.6	10	-1.67366576195	0.332777768373	39.7388877869	40.3089752197	39.7838897705
Erzya_2.6	0	0.582529723644	0.0704607069492	-21.0636863708	-21.4570713043	-21.1490516663
Erzya_2.6	1	-0.961218297482	-0.949864506721	-20.6056919098	-20.9991149902	-20.6761512756
Erzya_2.6	2	-1.74786067009	-1.39295387268	-19.6124668121	-19.9816055298	-19.6558265686
Erzya_2.6	3	-2.23575162888	-1.65176153183	-18.1707324982	-18.5072231293	-18.2289981842
Erzya_2.6	4	-2.52258062363	-1.85230350494	-16.2235774994	-16.5133934021	-16.258808136
Erzya_2.6	5	-2.68448781967	-1.86720871925	-13.716802597	-13.9480648041	-13.7018966675
Erzya_2.6	6	-2.69099116325	-1.85636854172	-10.5609760284	-10.7150564194	-10.472899437
Erzya_2.6	7	-2.52528858185	-1.6558265686	-6.54607057571	-6.60760402679	-6.4403796196
Erzya_2.6	8	-2.28154683113	-1.43631434441	-1.32249319553	-1.26301550865	-1.23306238651
Erzya_2.6	9	-1.81533265114	-1.03523039818	6.16937685013	6.35167312622	6.24119234085
Erzya_2.6	10	-0.582529723644	-0.0704607069492	21.0636863708	21.4570713043	21.1490516663
Sanskrit_2.6	0	-0.679023623466	-0.623649954796	-29.9703674316	-30.6545009613	-30.6964836121
Sanskrit_2.6	1	-2.22021627426	-1.63223481178	-29.6031570435	-30.2873344421	-30.2766551971
Sanskrit_2.6	2	-2.67915582657	-1.95569097996	-28.8781509399	-29.5432891846	-29.4896144867
Sanskrit_2.6	3	-2.88666892052	-2.1179728508	-27.725561142	-28.3553695679	-28.2882862091
Sanskrit_2.6	4	-2.91297459602	-2.1179728508	-26.0927715302	-26.6479854584	-26.5685405731
Sanskrit_2.6	5	-2.76986980438	-1.98393797874	-23.8485183716	-24.2940826416	-24.2290229797
Sanskrit_2.6	6	-2.54884624481	-1.78399336338	-20.8493499756	-21.1085281372	-21.072555542
Sanskrit_2.6	7	-2.16018390656	-1.48490726948	-16.7302684784	-16.801940918	-16.7723617554
Sanskrit_2.6	8	-1.6641368866	-1.08501803875	-11.1805591583	-11.0087251663	-11.0072002411
Sanskrit_2.6	9	-0.916164219379	-0.546662986279	-2.9495985508	-2.4993584156	-2.44558286667
Sanskrit_2.6	10	0.679023623466	0.623649954796	29.9703674316	30.6545009613	30.6964836121
Romanian_2.6	0	0.119202263653	-1.59747314453	-57.0733795166	-58.0402984619	-56.5997123718
Romanian_2.6	1	-2.1269493103	-2.48821163177	-54.6546134949	-55.5824203491	-54.2239532471
Romanian_2.6	2	-3.32336378098	-2.79913234711	-50.3210449219	-51.1706695557	-49.9426116943
Romanian_2.6	3	-4.10588121414	-2.97994327545	-44.6026039124	-45.3524055481	-44.2971954346
Romanian_2.6	4	-4.59431695938	-2.97994327545	-37.5555038452	-38.1736373901	-37.3201179504
Romanian_2.6	5	-4.83774423599	-2.93922948837	-29.1295909882	-29.5916671753	-28.9786872864
Romanian_2.6	6	-4.87718820572	-2.73926210403	-19.1676845551	-19.4548282623	-19.0985927582
Romanian_2.6	7	-4.69726276398	-2.43625497818	-7.40143537521	-7.47326612473	-7.42643117905
Romanian_2.6	8	-4.25771331787	-1.9707198143	6.75634431839	6.93306732178	6.61821222305
Romanian_2.6	9	-3.411652565	-1.20687115192	24.860748291	25.3720760345	24.5750961304
Romanian_2.6	10	-0.119202263653	1.59747314453	57.0733795166	58.0402984619	56.5997123718
Bulgarian_2.6	0	-0.26689094305	-1.09644770622	-30.8787460327	-31.9638881683	-30.2694988251
Bulgarian_2.6	1	-2.19148492813	-2.10041666031	-29.9444332123	-31.0230388641	-29.3393535614
Bulgarian_2.6	2	-3.24053645134	-2.50109148026	-28.0853347778	-29.1292228699	-27.5171661377
Bulgarian_2.6	3	-3.92947435379	-2.70113110542	-25.3895606995	-26.3673191071	-24.8779525757
Bulgarian_2.6	4	-4.37693786621	-2.80392932892	-21.7926177979	-22.6634960175	-21.3661441803
Bulgarian_2.6	5	-4.60973930359	-2.80392932892	-17.3133563995	-18.0374202728	-16.9811477661
Bulgarian_2.6	6	-4.63611078262	-2.65806698799	-11.7884502411	-12.3204984665	-11.5727329254
Bulgarian_2.6	7	-4.43293619156	-2.45346307755	-4.98630666733	-5.2721118927	-4.90414762497
Bulgarian_2.6	8	-3.92873930931	-2.04782700539	3.39214134216	3.43171072006	3.28636622429
Bulgarian_2.6	9	-2.83432745934	-1.29410600662	13.8743801117	14.3301420212	13.5874185562
Bulgarian_2.6	10	0.26689094305	1.09644770622	30.8787460327	31.9638881683	30.2694988251
Ancient_Greek_2.6	0	-0.868640720844	-0.918428778648	-57.2787361145	-58.63904953	-58.6144142151
Ancient_Greek_2.6	1	-3.06525158882	-2.5164847374	-56.1004676819	-57.4267692566	-57.3595428467
Ancient_Greek_2.6	2	-3.99541807175	-3.06256580353	-53.6616744995	-54.8805809021	-54.837184906
Ancient_Greek_2.6	3	-4.50684738159	-3.30854892731	-49.9992752075	-51.0602493286	-51.0107727051
Ancient_Greek_2.6	4	-4.72703552246	-3.36237359047	-44.8944168091	-45.7679100037	-45.6941719055
Ancient_Greek_2.6	5	-4.72181940079	-3.26879692078	-38.180480957	-38.825252533	-38.7415046692
Ancient_Greek_2.6	6	-4.50191640854	-3.06880426407	-29.5479316711	-29.9170665741	-29.8093643188
Ancient_Greek_2.6	7	-4.04851579666	-2.68064260483	-18.4247932434	-18.4750213623	-18.3547935486
Ancient_Greek_2.6	8	-3.34234857559	-2.1460955143	-3.81828737259	-3.49393606186	-3.39530658722
Ancient_Greek_2.6	9	-2.21193385124	-1.36005222797	16.377571106	17.1513938904	17.2135944366
Ancient_Greek_2.6	10	0.868640720844	0.918428778648	57.2787361145	58.63904953	58.6144142151
Urdu_2.6	0	-1.21279871464	-1.05535161495	-103.762413025	-107.182815552	-107.061332703
Urdu_2.6	1	-5.27498006821	-3.80987358093	-100.110565186	-103.25995636	-103.18862915
Urdu_2.6	2	-7.22226476669	-4.60981893539	-93.008430481	-95.7429275513	-95.7277297974
Urdu_2.6	3	-8.12609958649	-4.99741601944	-83.1188659668	-85.3799057007	-85.3844680786
Urdu_2.6	4	-8.35316944122	-5.07248735428	-70.6382446289	-72.3046798706	-72.3073577881
Urdu_2.6	5	-8.13189315796	-4.90466499329	-55.2815170288	-56.3436050415	-56.2839660645
Urdu_2.6	6	-7.53744602203	-4.55188369751	-36.8066101074	-37.1956214905	-37.1731262207
Urdu_2.6	7	-6.57742071152	-3.99184012413	-14.6695222855	-14.2854614258	-14.3351011276
Urdu_2.6	8	-5.20010471344	-3.17747855186	12.1796541214	13.3720417023	13.2928056717
Urdu_2.6	9	-3.22219944	-1.95158433914	46.1064872742	48.2771148682	48.1651039124
Urdu_2.6	10	1.21279871464	1.05535161495	103.762413025	107.182815552	107.061332703
Serbian_2.6	0	0.700194716454	-1.4056841135	-55.9931259155	-57.0391921997	-55.2401847839
Serbian_2.6	1	-2.0522069931	-2.79920697212	-53.54712677	-54.545501709	-52.841506958
Serbian_2.6	2	-3.63753461838	-3.30945134163	-49.0625228882	-49.9626274109	-48.4227371216
Serbian_2.6	3	-4.69368886948	-3.53179121017	-43.0630531311	-43.8443489075	-42.4962310791
Serbian_2.6	4	-5.37885379791	-3.58413743973	-35.5428962708	-36.1724891663	-35.0770645142
Serbian_2.6	5	-5.77339601517	-3.58413743973	-26.5224056244	-26.9670162201	-26.1980171204
Serbian_2.6	6	-5.91270542145	-3.39299416542	-15.9159288406	-16.1494178772	-15.7591543198
Serbian_2.6	7	-5.81931304932	-3.12861871719	-3.41229343414	-3.39519572258	-3.4360871315
Serbian_2.6	8	-5.41726398468	-2.66040968895	11.2819566727	11.562584877	11.0384664536
Serbian_2.6	9	-4.43623781204	-1.69464635849	29.3736953735	29.9888134003	28.8179779053
Serbian_2.6	10	-0.700194716454	1.4056841135	55.9931259155	57.0391921997	55.2401847839
Armenian_2.6	0	1.38133656979	-0.0184237454087	-77.3323135376	-78.6098861694	-77.776184082
Armenian_2.6	1	-1.86357998848	-1.90105760098	-75.8543167114	-77.0902709961	-76.2470169067
Armenian_2.6	2	-3.44690871239	-2.60798358917	-72.4506988525	-73.5791244507	-72.7854003906
Armenian_2.6	3	-4.44442224503	-3.03104734421	-67.3132019043	-68.2991485596	-67.5899047852
Armenian_2.6	4	-5.08407115936	-3.25554418564	-60.3715438843	-61.1991844177	-60.6032066345
Armenian_2.6	5	-5.4412484169	-3.34083938599	-51.4537696838	-52.0584487915	-51.6322059631
Armenian_2.6	6	-5.55983257294	-3.32992148399	-39.7737960815	-40.1292533875	-39.8921852112
Armenian_2.6	7	-5.44097661972	-3.12998986244	-24.8621635437	-24.910982132	-24.852268219
Armenian_2.6	8	-5.08256816864	-2.78198575974	-5.90617513657	-5.56988334656	-5.71954965591
Armenian_2.6	9	-4.35217666626	-2.2094848156	21.8659152985	22.6289215088	22.1808261871
Armenian_2.6	10	-1.38133656979	0.0184237454087	77.3323135376	78.6098861694	77.776184082
Amharic_2.6	0	-0.996621727943	-0.196721315384	-20.9658470154	-22.0531234741	-21.023223877
Amharic_2.6	1	-2.15401935577	-1.09289622307	-20.2240428925	-21.2936344147	-20.3073768616
Amharic_2.6	2	-2.39935016632	-1.33606553078	-18.9207649231	-19.8813457489	-19.032787323
Amharic_2.6	3	-2.43063116074	-1.44125688076	-17.0669403076	-17.911737442	-17.1325130463
Amharic_2.6	4	-2.35468244553	-1.44125688076	-14.5601091385	-15.2542133331	-14.6188526154
Amharic_2.6	5	-2.15388321877	-1.44125688076	-11.3428964615	-11.8393955231	-11.3469944
Amharic_2.6	6	-1.84462404251	-1.29781424999	-7.43306016922	-7.69417047501	-7.43169403076
Amharic_2.6	7	-1.42499411106	-1.09836065769	-2.67759561539	-2.72636699677	-2.64480876923
Amharic_2.6	8	-0.864257991314	-0.851092875004	3.09016394615	3.38216948509	3.11338806152
Amharic_2.6	9	-0.132227286696	-0.45218577981	10.1748638153	10.8205032349	10.2322406769
Amharic_2.6	10	0.996621727943	0.196721315384	20.9658470154	22.0531234741	21.023223877
Russian_2.6	0	-0.641769587994	-1.85747659206	-42.5477752686	-43.5952415466	-41.3910331726
Russian_2.6	1	-2.78241848946	-2.82441234589	-41.3156776428	-42.3388366699	-40.1897010803
Russian_2.6	2	-3.94578433037	-3.17062807083	-38.7429962158	-39.6991081238	-37.6865730286
Russian_2.6	3	-4.70454788208	-3.37064242363	-35.0323104858	-35.8899345398	-34.094581604
Russian_2.6	4	-5.17084264755	-3.41329026222	-30.1907539368	-30.9300918579	-29.4119243622
Russian_2.6	5	-5.38178634644	-3.40404200554	-24.1733112335	-24.7562122345	-23.5830917358
Russian_2.6	6	-5.3564825058	-3.2040514946	-16.8448028564	-17.2397117615	-16.4741706848
Russian_2.6	7	-5.09938573837	-2.9228143692	-7.94627046585	-8.11149406433	-7.83847665787
Russian_2.6	8	-4.53660869598	-2.42493462563	3.00053906441	3.11735844612	2.80399894714
Russian_2.6	9	-3.35097980499	-1.42026257515	17.0776405334	17.5665817261	16.492811203
Russian_2.6	10	0.641769587994	1.85747659206	42.5477752686	43.5952415466	41.3910331726
Dutch_2.6	0	-0.293253719807	-1.14898574352	-49.1425323486	-50.5210227966	-50.1874198914
Dutch_2.6	1	-2.77422499657	-2.49373960495	-47.9735527039	-49.3277587891	-48.9985427856
Dutch_2.6	2	-4.14857149124	-3.14151215553	-45.6867408752	-46.9872016907	-46.6830062866
Dutch_2.6	3	-5.07390737534	-3.50198960304	-42.2965660095	-43.5031013489	-43.2339134216
Dutch_2.6	4	-5.66926860809	-3.70202851295	-37.5871582031	-38.6445007324	-38.4281272888
Dutch_2.6	5	-5.96451044083	-3.70144629478	-31.3054943085	-32.1718254089	-32.0266914368
Dutch_2.6	6	-5.91122102737	-3.49791312218	-23.1701927185	-23.7917861938	-23.7272644043
Dutch_2.6	7	-5.49669456482	-3.09608840942	-12.6969327927	-13.0033121109	-13.0454235077
Dutch_2.6	8	-4.7263250351	-2.48422789574	0.701300621033	0.786324381828	0.651848971844
Dutch_2.6	9	-3.4067056179	-1.54692804813	18.6589832306	19.2420768738	18.9974765778
Dutch_2.6	10	0.293253719807	1.14898574352	49.1425323486	50.5210227966	50.1874198914
Hebrew_2.6	0	0.800339758396	-2.15189290047	-68.1974411011	-69.2481002808	-66.357131958
Hebrew_2.6	1	-2.45631790161	-3.56831693649	-65.9507293701	-66.9656143188	-64.1786804199
Hebrew_2.6	2	-4.42958498001	-4.21898651123	-61.4419326782	-62.3723564148	-59.8050079346
Hebrew_2.6	3	-5.83436203003	-4.61688995361	-55.1695976257	-55.9770431519	-53.7218399048
Hebrew_2.6	4	-6.83062839508	-4.81700658798	-47.1942939758	-47.8665046692	-46.0302848816
Hebrew_2.6	5	-7.45612096786	-4.94164228439	-37.3638916016	-37.8622093201	-36.5125236511
Hebrew_2.6	6	-7.74212646484	-4.89318561554	-25.4412345886	-25.7201595306	-24.9234714508
Hebrew_2.6	7	-7.67073011398	-4.65509605408	-11.0810718536	-11.1123075485	-10.9672689438
Hebrew_2.6	8	-7.15606975555	-4.07594633102	6.54175901413	6.79969787598	6.18171215057
Hebrew_2.6	9	-5.72818756104	-2.58940005302	29.3301105499	29.9417648315	28.290971756
Hebrew_2.6	10	-0.800339758396	2.15189290047	68.1974411011	69.2481002808	66.357131958
Latin_2.6	0	-0.737476527691	-1.03581297398	-61.4953231812	-62.4698867798	-62.4945793152
Latin_2.6	1	-2.90591144562	-2.159085989	-60.7133903503	-61.6817932129	-61.6732215881
Latin_2.6	2	-3.60985684395	-2.52454829216	-58.9518585205	-59.8750267029	-59.836025238
Latin_2.6	3	-3.97821593285	-2.72454833984	-56.1678009033	-57.0000267029	-56.9635505676
Latin_2.6	4	-4.15665626526	-2.75239109993	-52.1846961975	-52.8940620422	-52.8635482788
Latin_2.6	5	-4.16665554047	-2.71700310707	-46.7235908508	-47.2890739441	-47.2642936707
Latin_2.6	6	-3.98277521133	-2.51700329781	-39.3449516296	-39.72082901	-39.7113723755
Latin_2.6	7	-3.65346622467	-2.23347496986	-29.4116897583	-29.5707359314	-29.5794906616
Latin_2.6	8	-3.08627462387	-1.81073331833	-15.507651329	-15.387131691	-15.4386825562
Latin_2.6	9	-2.12694501877	-1.14994680882	6.01455879211	6.48304653168	6.44973421097
Latin_2.6	10	0.737476527691	1.03581297398	61.4953231812	62.4698867798	62.4945793152
Chinese_2.6	0	0.282876998186	0.00205185590312	-83.3242416382	-84.8871383667	-84.9676818848
Chinese_2.6	1	-2.76688361168	-2.20220112801	-80.211479187	-81.6653289795	-81.7674407959
Chinese_2.6	2	-4.14885663986	-2.98265242577	-74.7349853516	-75.9930877686	-76.1424636841
Chinese_2.6	3	-4.9406080246	-3.36140656471	-67.3628540039	-68.408782959	-68.5669174194
Chinese_2.6	4	-5.34835577011	-3.55978369713	-57.9449272156	-58.7206802368	-58.8772163391
Chinese_2.6	5	-5.49028348923	-3.55978369713	-46.1986122131	-46.6744842529	-46.8401870728
Chinese_2.6	6	-5.34871959686	-3.39143824577	-31.8609867096	-32.0000038147	-32.1617698669
Chinese_2.6	7	-5.00336265564	-3.12973332405	-14.2779798508	-14.0472450256	-14.1765060425
Chinese_2.6	8	-4.29493665695	-2.67347502708	7.42534065247	8.05180358887	7.9920258522
Chinese_2.6	9	-3.04452037811	-1.91596722603	35.9669380188	37.0504341125	37.0643081665
Chinese_2.6	10	-0.282876998186	-0.00205185590312	83.3242416382	84.8871383667	84.9676818848
Indonesian_2.6	0	2.19887495041	-0.342217981815	-53.536529541	-54.0912857056	-53.608997345
Indonesian_2.6	1	-0.410430014133	-1.41408848763	-51.6110191345	-52.1384353638	-51.6768188477
Indonesian_2.6	2	-1.79605913162	-1.80080914497	-48.3102111816	-48.7918319702	-48.3695869446
Indonesian_2.6	3	-2.77932786942	-2.00095200539	-43.9358634949	-44.3484420776	-43.9754867554
Indonesian_2.6	4	-3.47801947594	-2.13136601448	-38.4613265991	-38.8006095886	-38.4888153076
Indonesian_2.6	5	-3.96262097359	-2.13136601448	-31.8052120209	-32.0429000854	-31.8350791931
Indonesian_2.6	6	-4.23151445389	-2.13136601448	-23.760471344	-23.8821239471	-23.7953357697
Indonesian_2.6	7	-4.33052778244	-1.95787715912	-13.933722496	-13.899638176	-13.9464540482
Indonesian_2.6	8	-4.20859909058	-1.74131369591	-1.60221326351	-1.38952994347	-1.57686817646
Indonesian_2.6	9	-3.84892463684	-1.2829605341	15.2152547836	15.6119222641	15.2848644257
Indonesian_2.6	10	-2.19887495041	0.342217981815	53.536529541	54.0912857056	53.608997345
Norwegian_2.6	0	1.29789042473	-0.579196929932	-43.9321594238	-44.5440444946	-43.9147186279
Norwegian_2.6	1	-0.858786523342	-1.52418851852	-42.4820137024	-43.0809898376	-42.4596290588
Norwegian_2.6	2	-2.08685541153	-1.92619121075	-39.6009140015	-40.1536865234	-39.5702438354
Norwegian_2.6	3	-2.94275283813	-2.12619781494	-35.5319137573	-36.027179718	-35.5032997131
Norwegian_2.6	4	-3.53404283524	-2.25060510635	-30.3045864105	-30.7152442932	-30.2734184265
Norwegian_2.6	5	-3.90634584427	-2.25060510635	-23.8773498535	-24.1867847443	-23.8418388367
Norwegian_2.6	6	-4.08968639374	-2.22557115555	-16.0943660736	-16.2894268036	-16.0656528473
Norwegian_2.6	7	-4.09776926041	-2.02556443214	-6.68871641159	-6.7411904335	-6.66912031174
Norwegian_2.6	8	-3.91293382645	-1.77857351303	4.78135871887	4.8979473114	4.78878593445
Norwegian_2.6	9	-3.45128440857	-1.30640935898	19.5170269012	19.8381290436	19.512550354
Norwegian_2.6	10	-1.29789042473	0.579196929932	43.9321594238	44.5440444946	43.9147186279
Finnish_2.6	0	1.17685973644	0.303735822439	-26.6242103577	-27.1081352234	-26.4355545044
Finnish_2.6	1	-0.664803445339	-0.874838292599	-25.9634017944	-26.4422130585	-25.7755069733
Finnish_2.6	2	-1.65825271606	-1.39884352684	-24.6505355835	-25.105928421	-24.4674358368
Finnish_2.6	3	-2.3557870388	-1.75713312626	-22.725025177	-23.1371955872	-22.5446624756
Finnish_2.6	4	-2.84625077248	-1.9571634531	-20.1292705536	-20.4758167267	-19.9686145782
Finnish_2.6	5	-3.16148948669	-2.12942242622	-16.8332195282	-17.1099224091	-16.6998786926
Finnish_2.6	6	-3.33520698547	-2.12942242622	-12.7289047241	-12.9161224365	-12.6406068802
Finnish_2.6	7	-3.35468316078	-2.09525990486	-7.6563949585	-7.7266459465	-7.60530328751
Finnish_2.6	8	-3.18550038338	-1.89530551434	-1.33249640465	-1.26777684689	-1.32659971714
Finnish_2.6	9	-2.76642990112	-1.54576575756	7.07045555115	7.3067150116	6.99174451828
Finnish_2.6	10	-1.17685973644	-0.303735822439	26.6242103577	27.1081352234	26.4355545044
Catalan_2.6	0	1.24706339836	-1.42280626297	-90.2384185791	-92.4846878052	-88.9757919312
Catalan_2.6	1	-2.61374950409	-3.16448545456	-86.3588638306	-88.4712524414	-85.1598892212
Catalan_2.6	2	-4.92187738419	-3.92734503746	-79.2277374268	-81.1091156006	-78.1402435303
Catalan_2.6	3	-6.54957199097	-4.39520978928	-69.7242507935	-71.3256530762	-68.7871780396
Catalan_2.6	4	-7.67374372482	-4.62086677551	-57.9234428406	-59.1922225952	-57.1889839172
Catalan_2.6	5	-8.38368701935	-4.65950918198	-43.8455047607	-44.7369766235	-43.3125648499
Catalan_2.6	6	-8.74406242371	-4.5927233696	-27.2954692841	-27.7525138855	-27.0184459686
Catalan_2.6	7	-8.77711772919	-4.37078475952	-7.83689975739	-7.82273721695	-7.82075023651
Catalan_2.6	8	-8.38939857483	-3.91677308083	15.3478183746	15.9300613403	15.0658378601
Catalan_2.6	9	-7.14571809769	-2.90740394592	44.1749839783	45.4132995605	43.4622497559
Catalan_2.6	10	-1.24706339836	1.42280626297	90.2384185791	92.4846878052	88.9757919312
Swedish_2.6	0	1.84774374962	-0.0489260144532	-51.3281059265	-51.9347648621	-51.4818153381
Swedish_2.6	1	-0.474371701479	-1.1435958147	-49.9159011841	-50.5091781616	-50.0641555786
Swedish_2.6	2	-1.78103590012	-1.63206040859	-47.036026001	-47.5839881897	-47.1762123108
Swedish_2.6	3	-2.70717430115	-1.93561768532	-42.941696167	-43.4232788086	-43.0717697144
Swedish_2.6	4	-3.36354541779	-2.13564038277	-37.6679153442	-38.0596008301	-37.7715072632
Swedish_2.6	5	-3.80642771721	-2.19360160828	-31.1964988708	-31.4814605713	-31.2651996613
Swedish_2.6	6	-4.05797624588	-2.19360160828	-23.3835659027	-23.5505943298	-23.4261283875
Swedish_2.6	7	-4.13086557388	-2.09052157402	-13.9402208328	-13.9446668625	-13.9500513077
Swedish_2.6	8	-4.00223779678	-1.89049887657	-2.14342546463	-1.99600100517	-2.12825322151
Swedish_2.6	9	-3.62430167198	-1.49011254311	13.4510736465	13.8019609451	13.5111379623
Swedish_2.6	10	-1.84774374962	0.0489260144532	51.3281059265	51.9347648621	51.4818153381
Turkish_2.6	0	-1.04734969139	-0.0366666652262	-24.9056053162	-26.356502533	-26.3889389038
Turkish_2.6	1	-2.90613341331	-1.92696964741	-24.3716659546	-25.8226165771	-25.8610610962
Turkish_2.6	2	-3.43677735329	-2.43545460701	-23.4119701385	-24.7975654602	-24.8446960449
Turkish_2.6	3	-3.64921116829	-2.63545465469	-22.021364212	-23.334985733	-23.3901519775
Turkish_2.6	4	-3.6707239151	-2.68727278709	-20.125	-21.3080730438	-21.3862113953
Turkish_2.6	5	-3.53179860115	-2.66969704628	-17.5325756073	-18.5318908691	-18.6092414856
Turkish_2.6	6	-3.27185511589	-2.4696969986	-13.8910608292	-14.6259822845	-14.6977272034
Turkish_2.6	7	-2.82620239258	-2.25333333015	-8.76893901825	-9.15676689148	-9.24106025696
Turkish_2.6	8	-2.16399550438	-1.853333354	-1.69500005245	-1.5921318531	-1.65166664124
Turkish_2.6	9	-1.11894893646	-1.29181814194	8.21954536438	8.91561031342	8.89257621765
Turkish_2.6	10	1.04734969139	0.0366666652262	24.9056053162	26.356502533	26.3889389038
Cantonese_2.6	0	1.24188029766	0.162046909332	-52.36460495	-53.3496742249	-52.9264373779
Cantonese_2.6	1	-0.786062300205	-0.878464818001	-51.3923225403	-52.3689727783	-51.9456291199
Cantonese_2.6	2	-1.88893687725	-1.35181236267	-49.3006401062	-50.2410392761	-49.8304901123
Cantonese_2.6	3	-2.62340569496	-1.67164182663	-45.938167572	-46.7948913574	-46.410446167
Cantonese_2.6	4	-3.10992217064	-1.87206828594	-41.0810241699	-41.8546600342	-41.4936027527
Cantonese_2.6	5	-3.40008878708	-1.94882726669	-34.2174835205	-34.8434257507	-34.4872055054
Cantonese_2.6	6	-3.53674650192	-1.94882726669	-25.2324085236	-25.7102165222	-25.4019184113
Cantonese_2.6	7	-3.50455284119	-1.80810236931	-13.7270784378	-13.9964704514	-13.8070363998
Cantonese_2.6	8	-3.28901052475	-1.57356071472	1.16631126404	1.18964886665	1.33582091331
Cantonese_2.6	9	-2.73149657249	-1.121535182	21.3368873596	21.7500591278	21.6684436798
Cantonese_2.6	10	-1.24188029766	-0.162046909332	52.36460495	53.3496742249	52.9264373779
Old_French_2.6	0	-1.37102532387	-1.77561306953	-37.4067344666	-38.2002754211	-37.4292907715
Old_French_2.6	1	-2.67637205124	-2.33157157898	-36.6314926147	-37.4131088257	-36.6444587708
Old_French_2.6	2	-3.23759675026	-2.5315592289	-34.888759613	-35.6261825562	-34.9213943481
Old_French_2.6	3	-3.52965784073	-2.53635311127	-32.3482894897	-33.0170707703	-32.3889122009
Old_French_2.6	4	-3.65176296234	-2.49111914635	-28.9102706909	-29.4900665283	-28.9647846222
Old_French_2.6	5	-3.58437418938	-2.29113149643	-24.3825817108	-24.8539047241	-24.4742183685
Old_French_2.6	6	-3.33735895157	-2.01087832451	-18.5987949371	-18.9376316071	-18.7178421021
Old_French_2.6	7	-2.91531324387	-1.61090278625	-11.2695589066	-11.4348297119	-11.4058141708
Old_French_2.6	8	-2.31523871422	-1.07350504398	-1.7494314909	-1.69728541374	-1.88605499268
Old_French_2.6	9	-1.43948590755	-0.365005224943	11.604511261	11.9581613541	11.5219717026
Old_French_2.6	10	1.37102532387	1.77561306953	37.4067344666	38.2002754211	37.4292907715
Portuguese_2.6	0	2.19929122925	-0.540845990181	-65.9182357788	-67.2244491577	-65.4178619385
Portuguese_2.6	1	-1.35386097431	-2.33217692375	-63.6068344116	-64.8707962036	-63.1179504395
Portuguese_2.6	2	-3.41399312019	-3.07091164589	-59.030960083	-60.1907081604	-58.5626678467
Portuguese_2.6	3	-4.88628101349	-3.57210540771	-52.6894226074	-53.718536377	-52.2577590942
Portuguese_2.6	4	-5.93707227707	-3.82397055626	-44.7099380493	-45.5749549866	-44.3294525146
Portuguese_2.6	5	-6.64654922485	-3.97191143036	-34.9869422913	-35.6441459656	-34.6732330322
Portuguese_2.6	6	-7.06627750397	-3.97191143036	-23.2282161713	-23.6456375122	-22.9955234528
Portuguese_2.6	7	-7.2171087265	-3.86776328087	-9.10161113739	-9.24476337433	-8.97523117065
Portuguese_2.6	8	-7.01926708221	-3.60090279579	8.11593532562	8.30862522125	8.10966873169
Portuguese_2.6	9	-6.17337942123	-2.91543579102	29.8474330902	30.4761657715	29.657043457
Portuguese_2.6	10	-2.19929122925	0.540845990181	65.9182357788	67.2244491577	65.4178619385
Breton_2.6	0	0.329582989216	-0.0914076790214	-23.4698352814	-24.6211166382	-24.0786113739
Breton_2.6	1	-1.76490569115	-1.49177336693	-22.5959777832	-23.7382106781	-23.0840950012
Breton_2.6	2	-2.98416209221	-2.30712985992	-20.987203598	-22.0776882172	-21.3912258148
Breton_2.6	3	-3.75812578201	-2.8336379528	-18.8372936249	-19.8782672882	-19.1718463898
Breton_2.6	4	-4.23485898972	-3.10054850578	-16.234003067	-17.1776218414	-16.4442405701
Breton_2.6	5	-4.4644536972	-3.18829989433	-12.8775138855	-13.6686544418	-12.9963436127
Breton_2.6	6	-4.43008708954	-3.08226680756	-8.83363819122	-9.41605854034	-8.83546638489
Breton_2.6	7	-4.21913957596	-2.88482642174	-3.98171854019	-4.26739597321	-3.8628885746
Breton_2.6	8	-3.77603960037	-2.48994517326	2.20475316048	2.27381420135	2.48446059227
Breton_2.6	9	-2.90592503548	-1.79890310764	10.6764163971	11.1281404495	11.1352834702
Breton_2.6	10	-0.329582989216	0.0914076790214	23.4698352814	24.6211166382	24.0786113739
German_2.6	0	-1.34204864502	-1.54662418365	-57.3727035522	-59.3400611877	-59.3458366394
German_2.6	1	-3.91194057465	-3.10278487206	-55.6420555115	-57.5682830811	-57.5701637268
German_2.6	2	-5.37668132782	-3.83072519302	-51.8025474548	-53.5992393494	-53.5989303589
German_2.6	3	-6.33102750778	-4.24257421494	-46.2928352356	-47.8972740173	-47.9011039734
German_2.6	4	-6.84586429596	-4.40608263016	-39.184589386	-40.5302429199	-40.5497093201
German_2.6	5	-6.94345092773	-4.30982065201	-30.4350547791	-31.4615268707	-31.4914779663
German_2.6	6	-6.60234355927	-3.97331428528	-19.8768043518	-20.5196609497	-20.5656375885
German_2.6	7	-5.83575820923	-3.4251511097	-7.23392677307	-7.42360830307	-7.4832034111
German_2.6	8	-4.62470722198	-2.64558339119	8.06364345551	8.41817092896	8.34228515625
German_2.6	9	-2.74148988724	-1.40657424927	27.2702865601	28.2912940979	28.220249176
German_2.6	10	1.34204864502	1.54662418365	57.3727035522	59.3400611877	59.3458366394
Old_Church_Slavonic_2.6	0	0.325660705566	-0.130434781313	-36.7170944214	-37.2517356873	-37.2994308472
Old_Church_Slavonic_2.6	1	-1.44803524017	-1.37418842316	-36.1064338684	-36.64112854	-36.6297454834
Old_Church_Slavonic_2.6	2	-2.24610519409	-1.86563050747	-34.8555984497	-35.3770484924	-35.3013954163
Old_Church_Slavonic_2.6	3	-2.72073912621	-2.13004136086	-32.9457015991	-33.4132003784	-33.3037567139
Old_Church_Slavonic_2.6	4	-2.97296643257	-2.3067085743	-30.13240242	-30.5194549561	-30.4042892456
Old_Church_Slavonic_2.6	5	-3.10385942459	-2.3067085743	-26.1619129181	-26.4438037872	-26.3606128693
Old_Church_Slavonic_2.6	6	-3.09359169006	-2.26854228973	-21.0106239319	-21.1706752777	-21.0963993073
Old_Church_Slavonic_2.6	7	-2.91399073601	-2.06826686859	-14.179224968	-14.2173652649	-14.1209917068
Old_Church_Slavonic_2.6	8	-2.60514879227	-1.78300213814	-4.93232345581	-4.80681467056	-4.73165464401
Old_Church_Slavonic_2.6	9	-2.01964879036	-1.31123352051	8.4841632843	8.79512882233	8.8855009079
Old_Church_Slavonic_2.6	10	-0.325660705566	0.130434781313	36.7170944214	37.2517356873	37.2994308472
Afrikaans_2.6	0	0.497120350599	-1.08824503422	-97.5208129883	-99.360710144	-99.3623046875
Afrikaans_2.6	1	-2.66280436516	-2.57475852966	-93.5374603271	-95.2649917603	-95.299697876
Afrikaans_2.6	2	-4.33882808685	-3.05894112587	-86.5357971191	-88.0512313843	-88.1075592041
Afrikaans_2.6	3	-5.4236330986	-3.21944713593	-77.1551818848	-78.4194488525	-78.4778518677
Afrikaans_2.6	4	-6.04867935181	-3.18348312378	-65.3369979858	-66.3268737793	-66.3952713013
Afrikaans_2.6	5	-6.27050161362	-2.98368287086	-51.199798584	-51.8728256226	-51.9337310791
Afrikaans_2.6	6	-6.10981273651	-2.65667676926	-34.1734924316	-34.4294891357	-34.4445571899
Afrikaans_2.6	7	-5.62414455414	-2.25574421883	-13.5720949173	-13.4142627716	-13.3856143951
Afrikaans_2.6	8	-4.83907651901	-1.66766571999	11.3016986847	11.923784256	11.9110889435
Afrikaans_2.6	9	-3.61235976219	-0.933066904545	43.6613388062	44.9015274048	44.8448219299
Afrikaans_2.6	10	-0.497120350599	1.08824503422	97.5208129883	99.360710144	99.3623046875
Hindi_2.6	0	-2.01524162292	-1.39186632633	-69.4437484741	-72.3776016235	-72.5263442993
Hindi_2.6	1	-5.28448915482	-3.67884159088	-66.5844421387	-69.2610626221	-69.403755188
Hindi_2.6	2	-6.81293153763	-4.30107164383	-61.5092315674	-63.8101959229	-63.9592399597
Hindi_2.6	3	-7.43544387817	-4.5211224556	-54.5921897888	-56.4659233093	-56.618850708
Hindi_2.6	4	-7.49104881287	-4.5574221611	-45.9194297791	-47.2951316833	-47.4494247437
Hindi_2.6	5	-7.12707805634	-4.36232233047	-35.3469200134	-36.2066345215	-36.348361969
Hindi_2.6	6	-6.40986585617	-3.9840118885	-22.6951446533	-22.9800853729	-23.1331748962
Hindi_2.6	7	-5.34940624237	-3.42366242409	-7.57228422165	-7.23006534576	-7.3517832756
Hindi_2.6	8	-3.90360403061	-2.63236355782	10.8065662384	11.8604955673	11.7781934738
Hindi_2.6	9	-1.89935588837	-1.45581877232	33.8520545959	35.6798019409	35.6438941956
Hindi_2.6	10	2.01524162292	1.39186632633	69.4437484741	72.3776016235	72.5263442993
Ukrainian_2.6	0	0.0459608882666	-1.35160112381	-45.255531311	-46.252784729	-44.5135383606
Ukrainian_2.6	1	-2.29384803772	-2.40471220016	-44.1693572998	-45.1456756592	-43.4481887817
Ukrainian_2.6	2	-3.5103096962	-2.84678459167	-41.8991165161	-42.8261909485	-41.2112731934
Ukrainian_2.6	3	-4.31983613968	-3.04673266411	-38.5882568359	-39.4318008423	-37.9550895691
Ukrainian_2.6	4	-4.84235572815	-3.17013788223	-34.1342086792	-34.8833618164	-33.5997123718
Ukrainian_2.6	5	-5.12977981567	-3.17013788223	-28.4294452667	-29.0365619659	-28.0058574677
Ukrainian_2.6	6	-5.20373630524	-3.04386878014	-21.2818279266	-21.736076355	-20.9954433441
Ukrainian_2.6	7	-5.04116678238	-2.83793282509	-12.3154125214	-12.5660161972	-12.1724815369
Ukrainian_2.6	8	-4.61142444611	-2.41668844223	-0.829080939293	-0.816240489483	-0.899375140667
Ukrainian_2.6	9	-3.71791863441	-1.64397287369	14.6900548935	15.0747003555	14.3359804153
Ukrainian_2.6	10	-0.0459608882666	1.35160112381	45.255531311	46.252784729	44.5135383606
Buryat_2.6	0	-0.968653082848	-0.466666668653	-21.7166671753	-23.0221443176	-22.7361106873
Buryat_2.6	1	-2.51516509056	-1.89166665077	-21.1166667938	-22.4152565002	-22.1388893127
Buryat_2.6	2	-3.11732697487	-2.3666665554	-20.0666675568	-21.2931499481	-21.0416660309
Buryat_2.6	3	-3.39785385132	-2.57222223282	-18.5249996185	-19.6688671112	-19.4333324432
Buryat_2.6	4	-3.49562311172	-2.6166665554	-16.4777774811	-17.4846420288	-17.2861118317
Buryat_2.6	5	-3.39313316345	-2.57500004768	-13.8194446564	-14.6360378265	-14.4499998093
Buryat_2.6	6	-3.16259980202	-2.375	-10.322221756	-10.8730802536	-10.7166662216
Buryat_2.6	7	-2.76625084877	-2.13055562973	-5.68333339691	-5.89024734497	-5.76944446564
Buryat_2.6	8	-2.12909269333	-1.73055553436	0.641666650772	0.736593961716	0.833333313465
Buryat_2.6	9	-1.13780272007	-1.06388890743	8.95277786255	9.58237743378	9.57222175598
Buryat_2.6	10	0.968653082848	0.466666668653	21.7166671753	23.0221443176	22.7361106873
Hungarian_2.6	0	0.136731982231	-0.514896869659	-67.8594360352	-69.8724746704	-68.7261276245
Hungarian_2.6	1	-2.70721554756	-2.47822761536	-65.4232254028	-67.2914428711	-66.2272720337
Hungarian_2.6	2	-4.28093147278	-3.28036665916	-60.5821228027	-62.2526855469	-61.3258209229
Hungarian_2.6	3	-5.29908847809	-3.71352171898	-54.0351409912	-55.4939231873	-54.6711235046
Hungarian_2.6	4	-5.91247224808	-3.88922834396	-45.7585945129	-46.9047050476	-46.3059577942
Hungarian_2.6	5	-6.16447210312	-3.88922834396	-35.5744857788	-36.405456543	-35.9667701721
Hungarian_2.6	6	-6.05852270126	-3.68983960152	-23.1145915985	-23.5540142059	-23.4258975983
Hungarian_2.6	7	-5.663834095	-3.35523295403	-8.17647075653	-8.17946338654	-8.29679107666
Hungarian_2.6	8	-4.91493988037	-2.81970977783	10.2032089233	10.7574396133	10.3884649277
Hungarian_2.6	9	-3.66021442413	-1.99694418907	33.223072052	34.3113021851	33.6398010254
Hungarian_2.6	10	-0.136731982231	0.514896869659	67.8594360352	69.8724746704	68.7261276245
Maltese_2.6	0	-0.359747767448	-2.73099422455	-66.9788589478	-68.1479187012	-64.9945983887
Maltese_2.6	1	-3.43924117088	-3.76473236084	-64.8906860352	-66.0255889893	-62.9685096741
Maltese_2.6	2	-5.12742424011	-4.25236177444	-60.6009902954	-61.6279258728	-58.7894744873
Maltese_2.6	3	-6.2402215004	-4.48627996445	-54.5011253357	-55.380859375	-52.814666748
Maltese_2.6	4	-6.96259641647	-4.61583423615	-46.5919914246	-47.3080940247	-45.074672699
Maltese_2.6	5	-7.32729387283	-4.61583423615	-36.8295097351	-37.3375167847	-35.6261825562
Maltese_2.6	6	-7.41437244415	-4.41970300674	-24.8933868408	-25.1366920471	-24.1012153625
Maltese_2.6	7	-7.21385288239	-4.12370681763	-10.3229866028	-10.3349237442	-9.99595165253
Maltese_2.6	8	-6.64692878723	-3.53171396255	7.29194784164	7.59834671021	7.08007192612
Maltese_2.6	9	-5.17231225967	-2.19028329849	30.0998649597	30.7941188812	29.1556453705
Maltese_2.6	10	0.359747767448	2.73099422455	66.9788589478	68.1479187012	64.9945983887
Estonian_2.6	0	0.947463870049	-0.148377940059	-38.0648803711	-38.829914093	-37.8234710693
Estonian_2.6	1	-1.34035146236	-1.60528278351	-37.0646324158	-37.8140449524	-36.8325843811
Estonian_2.6	2	-2.53839373589	-2.22942733765	-34.949760437	-35.6488571167	-34.706363678
Estonian_2.6	3	-3.36429262161	-2.62581110001	-31.823507309	-32.4426689148	-31.567276001
Estonian_2.6	4	-3.93367409706	-2.82584643364	-27.6368026733	-28.1542110443	-27.3938312531
Estonian_2.6	5	-4.28838729858	-2.93759965897	-22.3261127472	-22.7116947174	-22.0936355591
Estonian_2.6	6	-4.43495035172	-2.93759965897	-15.812374115	-16.065076828	-15.6105298996
Estonian_2.6	7	-4.33978176117	-2.758695364	-7.86690282822	-7.94428491592	-7.7175321579
Estonian_2.6	8	-4.01635885239	-2.42896652222	1.9748980999	2.11704492569	2.04860830307
Estonian_2.6	9	-3.28894209862	-1.79092359543	14.6207408905	15.023182869	14.5682325363
Estonian_2.6	10	-0.947463870049	0.148377940059	38.0648803711	38.829914093	37.8234710693
Naija_2.6	0	0.397673845291	-0.703265607357	-43.0716552734	-43.6913146973	-43.1097106934
Naija_2.6	1	-1.22794783115	-1.14828145504	-42.1217956543	-42.7371826172	-42.1588249207
Naija_2.6	2	-1.95478034019	-1.34833288193	-40.2018508911	-40.7902488708	-40.2313346863
Naija_2.6	3	-2.39764308929	-1.39941716194	-37.306678772	-37.8582267761	-37.3310203552
Naija_2.6	4	-2.65175366402	-1.39941716194	-33.3675308228	-33.8508148193	-33.3858757019
Naija_2.6	5	-2.77900481224	-1.39941716194	-28.2088794708	-28.6059017181	-28.2201938629
Naija_2.6	6	-2.77835226059	-1.21342241764	-21.5902118683	-21.875289917	-21.6008396149
Naija_2.6	7	-2.62545990944	-1.01354241371	-13.2087936401	-13.3449878693	-13.2170219421
Naija_2.6	8	-2.37388753891	-0.741835951805	-2.18282341957	-2.12185144424	-2.1835091114
Naija_2.6	9	-1.90826237202	-0.34173309803	13.4967861176	13.7830295563	13.508099556
Naija_2.6	10	-0.397673845291	0.703265607357	43.0716552734	43.6913146973	43.1097106934
Croatian_2.6	0	-0.13728480041	-1.81033027172	-59.7777290344	-61.104598999	-58.8915481567
Croatian_2.6	1	-2.81495928764	-3.17739200592	-57.2880325317	-58.5583267212	-56.4285202026
Croatian_2.6	2	-4.29176568985	-3.63858318329	-52.6738624573	-53.8342819214	-51.8894309998
Croatian_2.6	3	-5.23489809036	-3.82670044899	-46.4607658386	-47.4876480103	-45.7797775269
Croatian_2.6	4	-5.79336738586	-3.82670044899	-38.6963043213	-39.5398635864	-38.1493797302
Croatian_2.6	5	-6.06687927246	-3.74230885506	-29.3403892517	-29.958398819	-28.9391059875
Croatian_2.6	6	-6.1020154953	-3.54233694077	-18.316116333	-18.694732666	-18.0830516815
Croatian_2.6	7	-5.90389728546	-3.19602036476	-5.2503528595	-5.33192205429	-5.23221826553
Croatian_2.6	8	-5.38437604904	-2.67315840721	10.4534292221	10.7164373398	10.2715921402
Croatian_2.6	9	-4.21377468109	-1.61205196381	30.0232849121	30.666349411	29.5810756683
Croatian_2.6	10	0.13728480041	1.81033027172	59.7777290344	61.104598999	58.8915481567
Vietnamese_2.6	0	0.936911702156	-0.301977396011	-28.9748592377	-29.6776256561	-29.1234455109
Vietnamese_2.6	1	-0.735745072365	-1.28841805458	-27.692937851	-28.3769683838	-27.8443508148
Vietnamese_2.6	2	-1.849645257	-1.78615820408	-25.2324867249	-25.8533763885	-25.3776836395
Vietnamese_2.6	3	-2.66781210899	-2.08898305893	-21.86186409	-22.4042873383	-21.992937088
Vietnamese_2.6	4	-3.23221945763	-2.28898310661	-17.6776828766	-18.1241512299	-17.7765541077
Vietnamese_2.6	5	-3.57822918892	-2.32966113091	-12.6347455978	-12.9370975494	-12.7161016464
Vietnamese_2.6	6	-3.71810150146	-2.32966113091	-6.71553659439	-6.88442897797	-6.77768373489
Vietnamese_2.6	7	-3.65714740753	-2.1313560009	0.0110169490799	-0.00737442635	-0.00932203419507
Vietnamese_2.6	8	-3.38915133476	-1.83983051777	7.69350290298	7.85944986343	7.71666669846
Vietnamese_2.6	9	-2.77768826485	-1.2844632864	16.808757782	17.198633194	16.8737297058
Vietnamese_2.6	10	-0.936911702156	0.301977396011	28.9748592377	29.6776256561	29.1234455109
Gothic_2.6	0	0.409858345985	-0.301322996616	-47.2794265747	-47.8526763916	-47.8366775513
Gothic_2.6	1	-1.80200946331	-1.73791062832	-46.5440254211	-47.1102790833	-47.0515518188
Gothic_2.6	2	-2.72281146049	-2.25433397293	-44.9901924133	-45.5257720947	-45.4256401062
Gothic_2.6	3	-3.27407956123	-2.55269169807	-42.5654640198	-43.0396614075	-42.9306564331
Gothic_2.6	4	-3.59612822533	-2.74429750443	-39.1060676575	-39.5008163452	-39.392791748
Gothic_2.6	5	-3.75546431541	-2.74429750443	-34.4796981812	-34.7669906616	-34.6660575867
Gothic_2.6	6	-3.75724315643	-2.67176103592	-28.3770523071	-28.5425796509	-28.4603099823
Gothic_2.6	7	-3.57423114777	-2.47194337845	-20.4267787933	-20.462020874	-20.3458023071
Gothic_2.6	8	-3.23325300217	-2.15351271629	-9.72285556793	-9.60677719116	-9.44616794586
Gothic_2.6	9	-2.60854363441	-1.65396893024	5.96966218948	6.25186395645	6.41788339615
Gothic_2.6	10	-0.409858345985	0.301322996616	47.2794265747	47.8526763916	47.8366775513
Polish_2.6	0	0.353961646557	-0.658376932144	-28.6507396698	-29.3411521912	-28.1064720154
Polish_2.6	1	-1.49953091145	-1.67259252071	-27.9925880432	-28.6783428192	-27.4402980804
Polish_2.6	2	-2.51825237274	-2.15996527672	-26.6311016083	-27.2938594818	-26.0863208771
Polish_2.6	3	-3.22190332413	-2.46205425262	-24.6388664246	-25.2513694763	-24.1238651276
Polish_2.6	4	-3.70108938217	-2.66209936142	-21.9864902496	-22.5412139893	-21.5314311981
Polish_2.6	5	-3.97177147865	-2.72428846359	-18.6087017059	-19.0834083557	-18.2310428619
Polish_2.6	6	-4.06615924835	-2.70894980431	-14.2971792221	-14.6526813507	-14.0137338638
Polish_2.6	7	-3.94155621529	-2.50890469551	-8.69155693054	-8.90284633636	-8.5394859314
Polish_2.6	8	-3.58311724663	-2.17138910294	-1.17161381245	-1.18976426125	-1.18409657478
Polish_2.6	9	-2.84114289284	-1.52658605576	9.47190570831	9.71436405182	9.23653030396
Polish_2.6	10	-0.353961646557	0.658376932144	28.6507396698	29.3411521912	28.1064720154
North_Sami_2.6	0	0.807411253452	0.250834077597	-18.935092926	-19.2121219635	-19.0124359131
North_Sami_2.6	1	-0.642125666142	-0.755535364151	-18.3830757141	-18.6601581573	-18.4634513855
North_Sami_2.6	2	-1.39370393753	-1.21534729004	-17.5423107147	-17.8046169281	-17.6166210175
North_Sami_2.6	3	-1.89477622509	-1.54716408253	-16.3157424927	-16.5584564209	-16.3773136139
North_Sami_2.6	4	-2.26471209526	-1.74673950672	-14.7343034744	-14.9376277924	-14.7728233337
North_Sami_2.6	5	-2.49435186386	-1.86017596722	-12.6384592056	-12.7941999435	-12.6769790649
North_Sami_2.6	6	-2.57781291008	-1.86017596722	-9.85835647583	-9.95657348633	-9.87018489838
North_Sami_2.6	7	-2.51303267479	-1.75037908554	-6.15559577942	-6.18691253662	-6.15104627609
North_Sami_2.6	8	-2.31287121773	-1.55019712448	-1.1425538063	-1.08793914318	-1.10949349403
North_Sami_2.6	9	-1.91060769558	-1.1740976572	5.88929319382	6.03327894211	5.9727025032
North_Sami_2.6	10	-0.807411253452	-0.250834077597	18.935092926	19.2121219635	19.0124359131
French_2.6	0	2.41988921165	-0.603859841824	-72.7239685059	-74.3487014771	-72.8366012573
French_2.6	1	-1.28506684303	-2.39170479774	-70.3332824707	-71.9085388184	-70.4401931763
French_2.6	2	-3.31779384613	-3.04824781418	-65.6313018799	-67.0927047729	-65.729133606
French_2.6	3	-4.76591205597	-3.42779755592	-59.05727005	-60.3535766602	-59.1368217468
French_2.6	4	-5.80097675323	-3.62779760361	-50.6095657349	-51.6938972473	-50.6686973572
French_2.6	5	-6.5005903244	-3.69503974915	-40.1463508606	-40.9633560181	-40.1728782654
French_2.6	6	-6.91374492645	-3.69503974915	-27.4313011169	-27.9332008362	-27.417301178
French_2.6	7	-7.04969167709	-3.51945137978	-11.9387674332	-12.070230484	-11.8878622055
French_2.6	8	-6.84589958191	-3.20220088959	7.15630626678	7.461581707	7.23981714249
French_2.6	9	-6.08763456345	-2.52832221985	31.7207546234	32.5594329834	31.8174362183
French_2.6	10	-2.41988921165	0.603859841824	72.7239685059	74.3487014771	72.8366012573
Scottish_Gaelic_2.6	0	2.63192677498	-0.565625846386	-63.6645469666	-63.9908676147	-63.9052238464
Scottish_Gaelic_2.6	1	-0.394352138042	-1.58082342148	-62.3393211365	-62.6629981995	-62.5053863525
Scottish_Gaelic_2.6	2	-2.10796880722	-2.0610666275	-59.22133255	-59.5279159546	-59.2707939148
Scottish_Gaelic_2.6	3	-3.3392355442	-2.35893893242	-54.4155845642	-54.7034187317	-54.3296508789
Scottish_Gaelic_2.6	4	-4.23303890228	-2.55899429321	-48.0060806274	-48.2596893311	-47.7836418152
Scottish_Gaelic_2.6	5	-4.84723758698	-2.73252272606	-39.8071289062	-40.0091133118	-39.4813499451
Scottish_Gaelic_2.6	6	-5.24050998688	-2.73252272606	-29.306438446	-29.4337234497	-28.8977622986
Scottish_Gaelic_2.6	7	-5.41728115082	-2.73252272606	-16.0419998169	-16.0934658051	-15.590218544
Scottish_Gaelic_2.6	8	-5.36356830597	-2.5683889389	1.12738323212	1.18758416176	1.63608729839
Scottish_Gaelic_2.6	9	-5.13054323196	-2.29483294487	24.1829242706	24.3500995636	24.7363910675
Scottish_Gaelic_2.6	10	-2.63192677498	0.565625846386	63.6645469666	63.9908676147	63.9052238464
Latvian_2.6	0	-0.0223221927881	-0.931875348091	-42.9423408508	-43.9870223999	-42.2989311218
Latvian_2.6	1	-2.17631006241	-2.07625293732	-41.8033447266	-42.8218078613	-41.1683540344
Latvian_2.6	2	-3.31248211861	-2.47856855392	-39.3901519775	-40.339050293	-38.8027610779
Latvian_2.6	3	-4.04587459564	-2.6785569191	-35.8670845032	-36.7103042603	-35.3512649536
Latvian_2.6	4	-4.49728727341	-2.75013160706	-31.2250156403	-31.9387607574	-30.8121166229
Latvian_2.6	5	-4.71998882294	-2.75013160706	-25.4533061981	-26.0118331909	-25.1401672363
Latvian_2.6	6	-4.73189496994	-2.60452604294	-18.3786334991	-18.7428398132	-18.1944923401
Latvian_2.6	7	-4.52395153046	-2.40453767776	-9.71949005127	-9.86177539825	-9.6844625473
Latvian_2.6	8	-4.04930067062	-2.01227998734	1.00748491287	1.13906347752	0.875972151756
Latvian_2.6	9	-3.17719364166	-1.39477229118	14.7418861389	15.2275056839	14.405122757
Latvian_2.6	10	0.0223221927881	0.931875348091	42.9423408508	43.9870223999	42.2989311218
Basque_2.6	0	0.577391445637	0.46088552475	-27.8480148315	-28.813873291	-28.4478092194
Basque_2.6	1	-1.31865727901	-1.06951141357	-26.7200050354	-27.6501731873	-27.2941036224
Basque_2.6	2	-2.18727898598	-1.69717824459	-24.6401691437	-25.4664878845	-25.1500339508
Basque_2.6	3	-2.72900009155	-2.08144068718	-21.7835521698	-22.4887180328	-22.2273464203
Basque_2.6	4	-3.04475188255	-2.28148651123	-18.1854782104	-18.7357215881	-18.5315437317
Basque_2.6	5	-3.22800922394	-2.42142701149	-13.8269100189	-14.1993989944	-14.071346283
Basque_2.6	6	-3.24688696861	-2.42142701149	-8.63122272491	-8.80344390869	-8.76118373871
Basque_2.6	7	-3.08764696121	-2.33470988274	-2.46971774101	-2.40492630005	-2.46455597878
Basque_2.6	8	-2.74308371544	-2.10874056816	4.96340894699	5.26226091385	5.12066984177
Basque_2.6	9	-2.09903287888	-1.65060794353	14.1714839935	14.7483682632	14.5065383911
Basque_2.6	10	-0.577391445637	-0.46088552475	27.8480148315	28.813873291	28.4478092194
Italian_2.6	0	0.0551887713373	-1.73541259766	-64.0852661133	-65.8492126465	-63.2563514709
Italian_2.6	1	-3.00867438316	-3.16814541817	-62.0143508911	-63.6964950562	-61.2543525696
Italian_2.6	2	-4.68146085739	-3.82110524178	-57.8143844604	-59.3451385498	-57.1200294495
Italian_2.6	3	-5.80465364456	-4.17423152924	-51.809173584	-53.1452522278	-51.1887664795
Italian_2.6	4	-6.51909542084	-4.34785747528	-44.0876922607	-45.2037963867	-43.5596961975
Italian_2.6	5	-6.92972326279	-4.34785747528	-34.6701583862	-35.5351486206	-34.233127594
Italian_2.6	6	-7.06362390518	-4.22952318192	-23.517578125	-24.0905456543	-23.1852531433
Italian_2.6	7	-6.90866804123	-3.964148283	-10.3185462952	-10.555762291	-10.126540184
Italian_2.6	8	-6.37810564041	-3.46174120903	5.82691907883	6.02159738541	5.83760786057
Italian_2.6	9	-5.13176107407	-2.3963663578	26.9335346222	27.7022285461	26.6524448395
Italian_2.6	10	-0.0551887713373	1.73541259766	64.0852661133	65.8492126465	63.2563514709
Yoruba_2.6	0	2.82757949829	-0.474164128304	-67.5217819214	-67.9423522949	-67.6605911255
Yoruba_2.6	1	0.145780652761	-1.17325222492	-64.4356613159	-64.8194656372	-64.5542068481
Yoruba_2.6	2	-1.43541872501	-1.51165151596	-58.7112464905	-59.049621582	-58.8237075806
Yoruba_2.6	3	-2.61989998817	-1.71225941181	-50.9503555298	-51.225692749	-51.0526847839
Yoruba_2.6	4	-3.5089700222	-1.85815608501	-41.7284698486	-41.8955001831	-41.7943267822
Yoruba_2.6	5	-4.14781236649	-1.85815608501	-30.4680843353	-30.5764770508	-30.513677597
Yoruba_2.6	6	-4.52548360825	-1.84802436829	-17.3758869171	-17.4244041443	-17.4295845032
Yoruba_2.6	7	-4.67602777481	-1.64944279194	-2.62816619873	-2.60014176369	-2.70415401459
Yoruba_2.6	8	-4.61949682236	-1.43667674065	14.6180343628	14.7665328979	14.5724420547
Yoruba_2.6	9	-4.33887863159	-1.01114487648	36.4154014587	36.6696853638	36.4022293091
Yoruba_2.6	10	-2.82757949829	0.474164128304	67.5217819214	67.9423522949	67.6605911255
Old_Russian_2.6	0	-0.049773003906	-0.645824611187	-50.6291046143	-51.3798027039	-51.0351905823
Old_Russian_2.6	1	-2.00199794769	-1.7855052948	-49.977432251	-50.7265052795	-50.3883628845
Old_Russian_2.6	2	-2.75079846382	-2.21666812897	-48.7702064514	-49.5059776306	-49.1751251221
Old_Russian_2.6	3	-3.19136404991	-2.41661787033	-46.9746704102	-47.6660842896	-47.3583564758
Old_Russian_2.6	4	-3.42847084999	-2.51742863655	-44.4483833313	-45.0700073242	-44.7887649536
Old_Russian_2.6	5	-3.51114988327	-2.51742863655	-40.9796867371	-41.4877128601	-41.259552002
Old_Russian_2.6	6	-3.45606970787	-2.40173864365	-36.2706680298	-36.6278800964	-36.4682769775
Old_Russian_2.6	7	-3.25089144707	-2.20162177086	-29.8689289093	-30.0393600464	-29.9580364227
Old_Russian_2.6	8	-2.85288763046	-1.84067547321	-20.6907958984	-20.6488513947	-20.6483325958
Old_Russian_2.6	9	-2.14641332626	-1.25503635406	-6.14829063416	-5.8286280632	-5.97692871094
Old_Russian_2.6	10	0.049773003906	0.645824611187	50.6291046143	51.3798027039	51.0351905823
Greek_2.6	0	1.16601371765	-1.26895570755	-74.7067260742	-76.1631240845	-73.5268249512
Greek_2.6	1	-2.20203256607	-2.9134478569	-71.5987091064	-72.9726867676	-70.4881973267
Greek_2.6	2	-4.26584720612	-3.76108717918	-65.7618026733	-67.0048370361	-64.7893447876
Greek_2.6	3	-5.74216604233	-4.34120178223	-57.8483543396	-58.9242286682	-57.0253944397
Greek_2.6	4	-6.79678440094	-4.67525053024	-48.0557937622	-48.9608268738	-47.4188117981
Greek_2.6	5	-7.5022187233	-4.84620904922	-36.5615158081	-37.2578811646	-36.1012153625
Greek_2.6	6	-7.8805770874	-4.84620904922	-23.2861232758	-23.7080726624	-22.9738922119
Greek_2.6	7	-7.93228960037	-4.67882680893	-7.46852636337	-7.59687662125	-7.34370517731
Greek_2.6	8	-7.52939462662	-4.22961378098	11.3776826859	11.5880641937	11.239985466
Greek_2.6	9	-6.34811449051	-3.12589406967	35.6058654785	36.2200508118	35.0633049011
Greek_2.6	10	-1.16601371765	1.26895570755	74.7067260742	76.1631240845	73.5268249512
Slovenian_2.6	0	-2.15910673141	-2.7656712532	-47.8131980896	-49.4985733032	-46.8771362305
Slovenian_2.6	1	-4.07667303085	-3.61135172844	-46.307384491	-47.962600708	-45.3897895813
Slovenian_2.6	2	-5.0405831337	-3.87827682495	-43.268863678	-44.8163223267	-42.4128112793
Slovenian_2.6	3	-5.5991768837	-3.93024849892	-38.956577301	-40.3712081909	-38.2030982971
Slovenian_2.6	4	-5.86475419998	-3.85183501244	-33.4035797119	-34.6334075928	-32.7684059143
Slovenian_2.6	5	-5.870885849	-3.65169811249	-26.5401191711	-27.5439872742	-26.0280380249
Slovenian_2.6	6	-5.6243391037	-3.27604293823	-18.167427063	-18.9021816254	-17.8274440765
Slovenian_2.6	7	-5.12195205688	-2.7706861496	-7.89844989777	-8.26113510132	-7.79735565186
Slovenian_2.6	8	-4.27911376953	-2.05128788948	4.82299995422	4.9203414917	4.67586040497
Slovenian_2.6	9	-2.71936607361	-0.800547063351	21.1273078918	21.8343963623	20.7084560394
Slovenian_2.6	10	2.15910673141	2.7656712532	47.8131980896	49.4985733032	46.8771362305
Wolof_2.6	0	0.87890291214	-0.926479995251	-59.567855835	-60.0794830322	-59.7943992615
Wolof_2.6	1	-1.16209769249	-1.58132076263	-57.08826828	-57.5659408569	-57.3028411865
Wolof_2.6	2	-2.20059251785	-1.7792263031	-52.5642242432	-52.9828643799	-52.7625579834
Wolof_2.6	3	-2.83104944229	-1.7792263031	-46.420173645	-46.7619857788	-46.5868759155
Wolof_2.6	4	-3.19617509842	-1.7792263031	-38.7839279175	-39.0271644592	-38.9053230286
Wolof_2.6	5	-3.35662126541	-1.61209654808	-29.5135707855	-29.6749572754	-29.5982055664
Wolof_2.6	6	-3.34106326103	-1.41205382347	-18.5612316132	-18.6175022125	-18.6052570343
Wolof_2.6	7	-3.1539041996	-1.21201109886	-5.36995077133	-5.32637023926	-5.35755491257
Wolof_2.6	8	-2.91225242615	-0.83458006382	10.3479375839	10.5126829147	10.4240226746
Wolof_2.6	9	-2.43382382393	-0.335328072309	29.6610393524	29.9701862335	29.8003845215
Wolof_2.6	10	-0.87890291214	0.926479995251	59.567855835	60.0794830322	59.7943992615
Classical_Chinese_2.6	0	0.911383569241	0.765189528465	-7.95964097977	-8.28886985779	-8.11825275421
Classical_Chinese_2.6	1	-0.385737717152	-0.318541288376	-7.75966596603	-8.08891582489	-7.91827774048
Classical_Chinese_2.6	2	-1.01481223106	-0.843522489071	-7.32544565201	-7.65473985672	-7.48393154144
Classical_Chinese_2.6	3	-1.468947649	-1.21033143997	-6.6667714119	-6.99613332748	-6.82513189316
Classical_Chinese_2.6	4	-1.7422825098	-1.4103063345	-5.8668718338	-6.16756725311	-6.02134084702
Classical_Chinese_2.6	5	-1.92601835728	-1.57676374912	-4.82783079147	-5.096367836	-4.9644742012
Classical_Chinese_2.6	6	-1.95904242992	-1.57676374912	-3.53433346748	-3.77816271782	-3.66055727005
Classical_Chinese_2.6	7	-1.95904242992	-1.57676374912	-1.93604063988	-2.10427570343	-2.01908111572
Classical_Chinese_2.6	8	-1.83487820625	-1.50960326195	0.104506656528	0.0317006446421	0.0812201872468
Classical_Chinese_2.6	9	-1.59254896641	-1.30962836742	2.84703731537	2.91342377663	2.89430069923
Classical_Chinese_2.6	10	-0.911383569241	-0.765189528465	7.95964097977	8.28886985779	8.11825275421
Kazakh_2.6	0	-1.27222764492	-0.38608199358	-18.6406097412	-19.6853504181	-19.7845573425
Kazakh_2.6	1	-2.40748119354	-1.57769298553	-18.1525268555	-19.1973133087	-19.2983798981
Kazakh_2.6	2	-2.80095887184	-1.97998094559	-17.1877975464	-18.1688232422	-18.2783603668
Kazakh_2.6	3	-2.95366001129	-2.18017148972	-15.7750234604	-16.6633453369	-16.7893238068
Kazakh_2.6	4	-2.92163348198	-2.19161105156	-13.9561491013	-14.7051095963	-14.8388938904
Kazakh_2.6	5	-2.74033641815	-2.11534786224	-11.6796951294	-12.2674102783	-12.3794088364
Kazakh_2.6	6	-2.42940449715	-1.91515731812	-8.92278385162	-9.29325485229	-9.33269786835
Kazakh_2.6	7	-1.96634280682	-1.68636798859	-5.5252623558	-5.63070106506	-5.61105823517
Kazakh_2.6	8	-1.32941913605	-1.28598666191	-1.20114398003	-1.00333368778	-0.978074371815
Kazakh_2.6	9	-0.472116678953	-0.74261200428	4.9857006073	5.50984096527	5.60533857346
Kazakh_2.6	10	1.27222764492	0.38608199358	18.6406097412	19.6853504181	19.7845573425
