Language	Fraction	DepLen	DepLenBest
Croatian_2.6	0	1.43977797031	-0.420900374651
Croatian_2.6	1	-2.17979240417	-2.88674855232
Croatian_2.6	2	-4.24579048157	-3.94206881523
Croatian_2.6	3	-5.66171360016	-4.53577470779
Croatian_2.6	4	-6.59604215622	-4.84497594833
Croatian_2.6	5	-7.14095401764	-4.94771385193
Croatian_2.6	6	-7.34723138809	-4.86826133728
Croatian_2.6	7	-7.21198034286	-4.59391736984
Croatian_2.6	8	-6.67612838745	-4.06357622147
Croatian_2.6	9	-5.43147039413	-2.95886254311
Croatian_2.6	10	-1.43977797031	0.420900374651
Kazakh_2.6	0	-1.22701847553	-0.529075324535
Kazakh_2.6	1	-2.51217627525	-1.81982839108
Kazakh_2.6	2	-3.00626277924	-2.26978063583
Kazakh_2.6	3	-3.17629504204	-2.46997141838
Kazakh_2.6	4	-3.15990257263	-2.47569108009
Kazakh_2.6	5	-2.99482560158	-2.38226890564
Kazakh_2.6	6	-2.67877817154	-2.18207812309
Kazakh_2.6	7	-2.18659758568	-1.89609146118
Kazakh_2.6	8	-1.50417947769	-1.49571025372
Kazakh_2.6	9	-0.577768087387	-0.864632964134
Kazakh_2.6	10	1.22701847553	0.529075324535
Breton_2.6	0	0.564614236355	0.205454543233
Breton_2.6	1	-1.5222414732	-1.16545450687
Breton_2.6	2	-2.7038230896	-1.92909085751
Breton_2.6	3	-3.44694662094	-2.42363643646
Breton_2.6	4	-3.92685246468	-2.70363640785
Breton_2.6	5	-4.15953016281	-2.83818173409
Breton_2.6	6	-4.1791639328	-2.83454537392
Breton_2.6	7	-4.0286488533	-2.63454556465
Breton_2.6	8	-3.62436556816	-2.34363627434
Breton_2.6	9	-2.82961606979	-1.76909089088
Breton_2.6	10	-0.564614236355	-0.205454543233
Slovenian_2.6	0	-0.0286700297147	-1.23341691494
Slovenian_2.6	1	-2.9011297226	-3.12149524689
Slovenian_2.6	2	-4.40139627457	-3.76589918137
Slovenian_2.6	3	-5.37002086639	-4.0512881279
Slovenian_2.6	4	-5.94446992874	-4.13175296783
Slovenian_2.6	5	-6.17988967896	-4.07180309296
Slovenian_2.6	6	-6.12710666656	-3.86346030235
Slovenian_2.6	7	-5.8080906868	-3.4636425972
Slovenian_2.6	8	-5.15716218948	-2.83587884903
Slovenian_2.6	9	-3.92932772636	-1.8187828064
Slovenian_2.6	10	0.0286700297147	1.23341691494
Indonesian_2.6	0	4.0468621254	1.19720780849
Indonesian_2.6	1	0.153297737241	-1.47919750214
Indonesian_2.6	2	-1.95371544361	-2.45922708511
Indonesian_2.6	3	-3.49604725838	-3.08626103401
Indonesian_2.6	4	-4.64359855652	-3.48160123825
Indonesian_2.6	5	-5.48045110703	-3.68167519569
Indonesian_2.6	6	-6.039103508	-3.79521083832
Indonesian_2.6	7	-6.31209278107	-3.79521083832
Indonesian_2.6	8	-6.29245567322	-3.61603188515
Indonesian_2.6	9	-5.89031791687	-3.15171957016
Indonesian_2.6	10	-4.0468621254	-1.19720780849
Basque_2.6	0	-1.10748648643	-0.733883917332
Basque_2.6	1	-2.87024521828	-2.22711634636
Basque_2.6	2	-3.61723923683	-2.7272310257
Basque_2.6	3	-3.99527835846	-2.94952964783
Basque_2.6	4	-4.12023544312	-2.99908232689
Basque_2.6	5	-4.01514053345	-2.95916485786
Basque_2.6	6	-3.68847990036	-2.75934839249
Basque_2.6	7	-3.12080168724	-2.38150954247
Basque_2.6	8	-2.28880548477	-1.84927737713
Basque_2.6	9	-1.07716441154	-1.00665295124
Basque_2.6	10	1.10748648643	0.733883917332
Hebrew_2.6	0	2.90584373474	-0.0739338621497
Hebrew_2.6	1	-2.01253676414	-3.43725633621
Hebrew_2.6	2	-4.8764090538	-4.87607192993
Hebrew_2.6	3	-6.91795635223	-5.76750898361
Hebrew_2.6	4	-8.38222312927	-6.3086514473
Hebrew_2.6	5	-9.35269927979	-6.60215997696
Hebrew_2.6	6	-9.86394786835	-6.690346241
Hebrew_2.6	7	-9.9269990921	-6.51931858063
Hebrew_2.6	8	-9.432721138	-5.94677639008
Hebrew_2.6	9	-7.93844223022	-4.49549055099
Hebrew_2.6	10	-2.90584373474	0.0739338621497
Thai_2.6	0	4.33278179169	1.33707869053
Thai_2.6	1	0.781275868416	-1.06859850883
Thai_2.6	2	-1.55060505867	-2.16617393494
Thai_2.6	3	-3.37235879898	-2.86989951134
Thai_2.6	4	-4.73128318787	-3.3453578949
Thai_2.6	5	-5.72150421143	-3.65405082703
Thai_2.6	6	-6.34515142441	-3.85393261909
Thai_2.6	7	-6.65165662766	-3.85393261909
Thai_2.6	8	-6.63770151138	-3.70727372169
Thai_2.6	9	-6.23305273056	-3.24246001244
Thai_2.6	10	-4.33278179169	-1.33707869053
Old_Church_Slavonic_2.6	0	0.336726307869	0.0274894274771
Old_Church_Slavonic_2.6	1	-1.52157235146	-1.38619756699
Old_Church_Slavonic_2.6	2	-2.37476491928	-1.95098042488
Old_Church_Slavonic_2.6	3	-2.88577580452	-2.30853509903
Old_Church_Slavonic_2.6	4	-3.20258879662	-2.50845837593
Old_Church_Slavonic_2.6	5	-3.37148976326	-2.60188388824
Old_Church_Slavonic_2.6	6	-3.38993930817	-2.60188388824
Old_Church_Slavonic_2.6	7	-3.24586987495	-2.45809292793
Old_Church_Slavonic_2.6	8	-2.90729999542	-2.18781232834
Old_Church_Slavonic_2.6	9	-2.24530220032	-1.67454826832
Old_Church_Slavonic_2.6	10	-0.336726307869	-0.0274894274771
Chinese_2.6	0	1.32531034946	0.733559966087
Chinese_2.6	1	-2.41450929642	-2.31525039673
Chinese_2.6	2	-4.23212099075	-3.62392926216
Chinese_2.6	3	-5.38584709167	-4.36963510513
Chinese_2.6	4	-6.07801532745	-4.79891252518
Chinese_2.6	5	-6.40935659409	-4.97113084793
Chinese_2.6	6	-6.41431093216	-4.92680692673
Chinese_2.6	7	-6.10431194305	-4.66458177567
Chinese_2.6	8	-5.39670324326	-4.15254926682
Chinese_2.6	9	-4.12502193451	-3.17181062698
Chinese_2.6	10	-1.32531034946	-0.733559966087
Serbian_2.6	0	1.67897641659	-0.28103107214
Serbian_2.6	1	-1.90941369534	-2.72280240059
Serbian_2.6	2	-4.01617050171	-3.76920032501
Serbian_2.6	3	-5.4666633606	-4.35558509827
Serbian_2.6	4	-6.46136283875	-4.66305351257
Serbian_2.6	5	-7.04874229431	-4.7688035965
Serbian_2.6	6	-7.28229141235	-4.6984796524
Serbian_2.6	7	-7.1634016037	-4.43701267242
Serbian_2.6	8	-6.64374637604	-3.92227363586
Serbian_2.6	9	-5.44176578522	-2.839656353
Serbian_2.6	10	-1.67897641659	0.28103107214
Hungarian_2.6	0	-2.76228666306	-2.74895071983
Hungarian_2.6	1	-6.02893447876	-5.37848138809
Hungarian_2.6	2	-7.47450637817	-6.23998451233
Hungarian_2.6	3	-8.23909950256	-6.49332332611
Hungarian_2.6	4	-8.42616558075	-6.40404415131
Hungarian_2.6	5	-8.11199760437	-6.04082393646
Hungarian_2.6	6	-7.39317941666	-5.40366268158
Hungarian_2.6	7	-6.3020567894	-4.50553226471
Hungarian_2.6	8	-4.78995990753	-3.25639057159
Hungarian_2.6	9	-2.46322417259	-1.36016786098
Hungarian_2.6	10	2.76228666306	2.74895071983
French_2.6	0	4.51615476608	1.00785803795
French_2.6	1	-0.830914795399	-2.46311211586
French_2.6	2	-3.81982779503	-3.84796237946
French_2.6	3	-5.94796228409	-4.6734957695
French_2.6	4	-7.49363183975	-5.18054294586
French_2.6	5	-8.5657043457	-5.47001552582
French_2.6	6	-9.21632099152	-5.56399345398
French_2.6	7	-9.46396350861	-5.47160625458
French_2.6	8	-9.26648902893	-5.14481592178
French_2.6	9	-8.39167499542	-4.32733106613
French_2.6	10	-4.51615476608	-1.00785803795
Old_French_2.6	0	-3.85438990593	-3.2871723175
Old_French_2.6	1	-5.35765218735	-4.36594772339
Old_French_2.6	2	-5.59308719635	-4.40970468521
Old_French_2.6	3	-5.47946357727	-4.20974159241
Old_French_2.6	4	-5.11315059662	-3.81482625008
Old_French_2.6	5	-4.57125520706	-3.34266328812
Old_French_2.6	6	-3.86348223686	-2.74277329445
Old_French_2.6	7	-2.97115921974	-2.01760077477
Old_French_2.6	8	-1.8140232563	-1.13341069221
Old_French_2.6	9	-0.116410329938	0.126016005874
Old_French_2.6	10	3.85438990593	3.2871723175
Arabic_2.6	0	0.363993108273	0.0371543206275
Arabic_2.6	1	-4.14612913132	-4.68412160873
Arabic_2.6	2	-5.74179935455	-5.91848087311
Arabic_2.6	3	-6.53436565399	-6.30903053284
Arabic_2.6	4	-6.87825012207	-6.33993530273
Arabic_2.6	5	-6.94378185272	-6.33993530273
Arabic_2.6	6	-6.91780424118	-6.33993530273
Arabic_2.6	7	-6.6655163765	-6.3315320015
Arabic_2.6	8	-6.006275177	-5.9740190506
Arabic_2.6	9	-4.6111497879	-4.78922653198
Arabic_2.6	10	-0.363993108273	-0.0371543206275
Cantonese_2.6	0	2.15524148941	0.838235318661
Cantonese_2.6	1	-0.857602715492	-1.04621851444
Cantonese_2.6	2	-2.38964700699	-1.84453785419
Cantonese_2.6	3	-3.31635546684	-2.31092429161
Cantonese_2.6	4	-3.92211294174	-2.63235282898
Cantonese_2.6	5	-4.31531143188	-2.83403372765
Cantonese_2.6	6	-4.51821374893	-2.87394952774
Cantonese_2.6	7	-4.51611423492	-2.81302523613
Cantonese_2.6	8	-4.31111431122	-2.60084033012
Cantonese_2.6	9	-3.78432488441	-2.14075636864
Cantonese_2.6	10	-2.15524148941	-0.838235318661
Bambara_2.6	0	1.83848071098	-0.247711360455
Bambara_2.6	1	-0.958762824535	-1.22240173817
Bambara_2.6	2	-2.14334988594	-1.62412488461
Bambara_2.6	3	-2.95425510406	-1.82444798946
Bambara_2.6	4	-3.50788831711	-2.00215411186
Bambara_2.6	5	-3.85529637337	-2.00215411186
Bambara_2.6	6	-4.00390911102	-1.87506735325
Bambara_2.6	7	-3.93509340286	-1.67582118511
Bambara_2.6	8	-3.63485360146	-1.2870221138
Bambara_2.6	9	-3.06420564651	-0.752827167511
Bambara_2.6	10	-1.83848071098	0.247711360455
Slovak_2.6	0	1.13834238052	0.13818924129
Slovak_2.6	1	-0.865559577942	-1.17889726162
Slovak_2.6	2	-1.96845459938	-1.75806665421
Slovak_2.6	3	-2.71891117096	-2.13655543327
Slovak_2.6	4	-3.23594760895	-2.33669161797
Slovak_2.6	5	-3.54940533638	-2.44615387917
Slovak_2.6	6	-3.68634009361	-2.44615387917
Slovak_2.6	7	-3.63287258148	-2.31136822701
Slovak_2.6	8	-3.3751707077	-2.04697084427
Slovak_2.6	9	-2.85818982124	-1.56555485725
Slovak_2.6	10	-1.13834238052	-0.13818924129
Gothic_2.6	0	1.98717164993	0.964361488819
Gothic_2.6	1	-0.992885649204	-1.41705560684
Gothic_2.6	2	-2.36494898796	-2.31692838669
Gothic_2.6	3	-3.31096243858	-2.91599488258
Gothic_2.6	4	-3.96836471558	-3.31565546989
Gothic_2.6	5	-4.39721155167	-3.53924489021
Gothic_2.6	6	-4.62313127518	-3.65125155449
Gothic_2.6	7	-4.66521024704	-3.65125155449
Gothic_2.6	8	-4.50860071182	-3.45311832428
Gothic_2.6	9	-4.03869152069	-3.01654648781
Gothic_2.6	10	-1.98717164993	-0.964361488819
Polish_2.6	0	1.62798237801	0.338858187199
Polish_2.6	1	-0.93990367651	-1.33364021778
Polish_2.6	2	-2.30684685707	-2.08471465111
Polish_2.6	3	-3.27154636383	-2.58029460907
Polish_2.6	4	-3.95956921577	-2.92731738091
Polish_2.6	5	-4.42973327637	-3.12731742859
Polish_2.6	6	-4.69192171097	-3.20460414886
Polish_2.6	7	-4.75067901611	-3.16071200371
Polish_2.6	8	-4.56667137146	-2.93118476868
Polish_2.6	9	-3.9782679081	-2.39404535294
Polish_2.6	10	-1.62798237801	-0.338858187199
Maltese_2.6	0	1.02374923229	-1.5077933073
Maltese_2.6	1	-3.66194105148	-4.36423301697
Maltese_2.6	2	-6.22894191742	-5.46759653091
Maltese_2.6	3	-7.92606019974	-6.12223148346
Maltese_2.6	4	-9.05938720703	-6.45693206787
Maltese_2.6	5	-9.67124080658	-6.56603765488
Maltese_2.6	6	-9.86299800873	-6.46267414093
Maltese_2.6	7	-9.62957572937	-6.14109945297
Maltese_2.6	8	-8.91585350037	-5.43232154846
Maltese_2.6	9	-7.22070407867	-3.94011473656
Maltese_2.6	10	-1.02374923229	1.5077933073
Korean_2.6	0	-0.0742001384497	0.717653512955
Korean_2.6	1	-2.4616112709	-1.71083986759
Korean_2.6	2	-3.40799713135	-2.6517033577
Korean_2.6	3	-3.91837263107	-3.15219521523
Korean_2.6	4	-4.1603474617	-3.3863363266
Korean_2.6	5	-4.21883821487	-3.50074696541
Korean_2.6	6	-4.07325553894	-3.47597002983
Korean_2.6	7	-3.71783447266	-3.27600646019
Korean_2.6	8	-3.09655737877	-2.92315530777
Korean_2.6	9	-2.08077764511	-2.3001639843
Korean_2.6	10	0.0742001384497	-0.717653512955
Hindi_2.6	0	-4.10522651672	-1.72397851944
Hindi_2.6	1	-7.77808189392	-5.08132362366
Hindi_2.6	2	-8.87692165375	-6.00322675705
Hindi_2.6	3	-9.14010334015	-6.27907371521
Hindi_2.6	4	-8.8767824173	-6.22578811646
Hindi_2.6	5	-8.1831817627	-5.96206331253
Hindi_2.6	6	-7.0697593689	-5.46548652649
Hindi_2.6	7	-5.52591753006	-4.73631906509
Hindi_2.6	8	-3.45867371559	-3.6134827137
Hindi_2.6	9	-0.651923716068	-1.9016264677
Hindi_2.6	10	4.10522651672	1.72397851944
Finnish_2.6	0	0.70678460598	0.156532227993
Finnish_2.6	1	-1.71846950054	-1.74344718456
Finnish_2.6	2	-2.88024067879	-2.47159719467
Finnish_2.6	3	-3.61848711967	-2.86079478264
Finnish_2.6	4	-4.04469490051	-3.06083607674
Finnish_2.6	5	-4.21043395996	-3.07660388947
Finnish_2.6	6	-4.13811779022	-2.94722437859
Finnish_2.6	7	-3.86068630219	-2.70270347595
Finnish_2.6	8	-3.36504983902	-2.28520584106
Finnish_2.6	9	-2.5578660965	-1.62936484814
Finnish_2.6	10	-0.70678460598	-0.156532227993
Ukrainian_2.6	0	2.70063209534	0.502473294735
Ukrainian_2.6	1	-1.12312877178	-2.11194992065
Ukrainian_2.6	2	-3.01538300514	-3.07836508751
Ukrainian_2.6	3	-4.33201551437	-3.67196035385
Ukrainian_2.6	4	-5.26622056961	-4.03228330612
Ukrainian_2.6	5	-5.89332723618	-4.23249149323
Ukrainian_2.6	6	-6.23681592941	-4.25540208817
Ukrainian_2.6	7	-6.3104801178	-4.13486051559
Ukrainian_2.6	8	-6.09802627563	-3.83624053001
Ukrainian_2.6	9	-5.44530534744	-3.17807865143
Ukrainian_2.6	10	-2.70063209534	-0.502473294735
Icelandic_2.6	0	2.69957113266	0.267777770758
Icelandic_2.6	1	-0.0938705801964	-1.44777774811
Icelandic_2.6	2	-1.95216500759	-2.23777770996
Icelandic_2.6	3	-3.33544659615	-2.73222231865
Icelandic_2.6	4	-4.35857105255	-3.04111099243
Icelandic_2.6	5	-5.0755405426	-3.19000005722
Icelandic_2.6	6	-5.46346282959	-3.19000005722
Icelandic_2.6	7	-5.56099843979	-3.01222229004
Icelandic_2.6	8	-5.35992860794	-2.66777777672
Icelandic_2.6	9	-4.74827432632	-2.00777769089
Icelandic_2.6	10	-2.69957113266	-0.267777770758
Swedish_2.6	0	2.42530918121	0.394322246313
Swedish_2.6	1	-0.945237517357	-1.8351033926
Swedish_2.6	2	-2.72332906723	-2.65002274513
Swedish_2.6	3	-3.97244691849	-3.13082003593
Swedish_2.6	4	-4.84510278702	-3.40303015709
Swedish_2.6	5	-5.40362882614	-3.53400111198
Swedish_2.6	6	-5.69093132019	-3.53400111198
Swedish_2.6	7	-5.7172627449	-3.35712480545
Swedish_2.6	8	-5.46820068359	-3.02270102501
Swedish_2.6	9	-4.83831262589	-2.41123461723
Swedish_2.6	10	-2.42530918121	-0.394322246313
Welsh_2.6	0	3.02478456497	-0.300560057163
Welsh_2.6	1	-0.589427769184	-2.06160545349
Welsh_2.6	2	-2.77666950226	-2.78220295906
Welsh_2.6	3	-4.34797954559	-3.15805840492
Welsh_2.6	4	-5.37577581406	-3.35718727112
Welsh_2.6	5	-6.0041513443	-3.45177340508
Welsh_2.6	6	-6.38590431213	-3.45177340508
Welsh_2.6	7	-6.53994989395	-3.27255749702
Welsh_2.6	8	-6.42422914505	-2.95768523216
Welsh_2.6	9	-5.82895183563	-2.29433727264
Welsh_2.6	10	-3.02478456497	0.300560057163
Vietnamese_2.6	0	1.5303145647	0.0161016955972
Vietnamese_2.6	1	-0.535259902477	-1.28841805458
Vietnamese_2.6	2	-1.91893839836	-1.89802265167
Vietnamese_2.6	3	-2.95330762863	-2.28898310661
Vietnamese_2.6	4	-3.69202923775	-2.4889831543
Vietnamese_2.6	5	-4.16549491882	-2.61949157715
Vietnamese_2.6	6	-4.38635396957	-2.61949157715
Vietnamese_2.6	7	-4.36172628403	-2.45282483101
Vietnamese_2.6	8	-4.07026052475	-2.14322042465
Vietnamese_2.6	9	-3.40632677078	-1.56355929375
Vietnamese_2.6	10	-1.5303145647	-0.0161016955972
Ancient_Greek_2.6	0	-1.65724849701	-1.45277774334
Ancient_Greek_2.6	1	-3.86499357224	-3.28699183464
Ancient_Greek_2.6	2	-4.71050024033	-3.84871268272
Ancient_Greek_2.6	3	-5.14089155197	-4.11314344406
Ancient_Greek_2.6	4	-5.28896284103	-4.16863155365
Ancient_Greek_2.6	5	-5.19544792175	-4.069647789
Ancient_Greek_2.6	6	-4.8656463623	-3.81205964088
Ancient_Greek_2.6	7	-4.2679066658	-3.36544704437
Ancient_Greek_2.6	8	-3.34177923203	-2.68319773674
Ancient_Greek_2.6	9	-1.87131404877	-1.56585371494
Ancient_Greek_2.6	10	1.65724849701	1.45277774334
Uyghur_2.6	0	-2.14869236946	-0.924810051918
Uyghur_2.6	1	-3.45134067535	-2.32695841789
Uyghur_2.6	2	-3.8337624073	-2.71155357361
Uyghur_2.6	3	-3.89505529404	-2.82106375694
Uyghur_2.6	4	-3.72815132141	-2.76919054985
Uyghur_2.6	5	-3.38229513168	-2.56903338432
Uyghur_2.6	6	-2.87833428383	-2.27194142342
Uyghur_2.6	7	-2.19395470619	-1.87267482281
Uyghur_2.6	8	-1.28787457943	-1.32407653332
Uyghur_2.6	9	-0.0643308982253	-0.588420212269
Uyghur_2.6	10	2.14869236946	0.924810051918
English_2.6	0	2.81413769722	0.238615959883
English_2.6	1	-0.990900754929	-2.07419776917
English_2.6	2	-3.06973266602	-2.95421051979
English_2.6	3	-4.5195775032	-3.44645237923
English_2.6	4	-5.52102565765	-3.70323228836
English_2.6	5	-6.15492391586	-3.79531741142
English_2.6	6	-6.46498727798	-3.74978137016
English_2.6	7	-6.48103904724	-3.54977202415
English_2.6	8	-6.19179296494	-3.14671492577
English_2.6	9	-5.48514318466	-2.45492434502
English_2.6	10	-2.81413769722	-0.238615959883
Estonian_2.6	0	-0.158341258764	-0.417253196239
Estonian_2.6	1	-2.73210120201	-2.57926630974
Estonian_2.6	2	-3.9067761898	-3.3033747673
Estonian_2.6	3	-4.57335472107	-3.61213803291
Estonian_2.6	4	-4.88121175766	-3.7017557621
Estonian_2.6	5	-4.90273237228	-3.62167739868
Estonian_2.6	6	-4.68693494797	-3.41655707359
Estonian_2.6	7	-4.24473905563	-3.01662921906
Estonian_2.6	8	-3.53011751175	-2.44360232353
Estonian_2.6	9	-2.41962480545	-1.58181869984
Estonian_2.6	10	0.158341258764	0.417253196239
Scottish_Gaelic_2.6	0	3.58408522606	0.363912671804
Scottish_Gaelic_2.6	1	-1.0161550045	-2.39817619324
Scottish_Gaelic_2.6	2	-3.42285823822	-3.36861014366
Scottish_Gaelic_2.6	3	-5.12022256851	-3.93672275543
Scottish_Gaelic_2.6	4	-6.28606081009	-4.30146455765
Scottish_Gaelic_2.6	5	-7.03639125824	-4.50151968002
Scottish_Gaelic_2.6	6	-7.45775556564	-4.53578329086
Scottish_Gaelic_2.6	7	-7.5741147995	-4.41254472733
Scottish_Gaelic_2.6	8	-7.4084649086	-4.13014650345
Scottish_Gaelic_2.6	9	-6.83228778839	-3.52942800522
Scottish_Gaelic_2.6	10	-3.58408522606	-0.363912671804
Buryat_2.6	0	-2.40223693848	-1.31114125252
Buryat_2.6	1	-3.59004282951	-2.59375
Buryat_2.6	2	-3.94540667534	-3.01766300201
Buryat_2.6	3	-4.05408000946	-3.17798924446
Buryat_2.6	4	-3.97094416618	-3.17798924446
Buryat_2.6	5	-3.72153830528	-3.03668475151
Buryat_2.6	6	-3.29988336563	-2.83831524849
Buryat_2.6	7	-2.65381717682	-2.43614125252
Buryat_2.6	8	-1.75073695183	-1.87364125252
Buryat_2.6	9	-0.367318034172	-0.957880437374
Buryat_2.6	10	2.40223693848	1.31114125252
Czech_2.6	0	1.74086165428	0.0403472557664
Czech_2.6	1	-1.94308817387	-2.66931295395
Czech_2.6	2	-3.87615704536	-3.7330160141
Czech_2.6	3	-5.22833919525	-4.3766412735
Czech_2.6	4	-6.16508197784	-4.739818573
Czech_2.6	5	-6.75724601746	-4.9365568161
Czech_2.6	6	-7.03962039948	-4.9365568161
Czech_2.6	7	-7.01043605804	-4.7656917572
Czech_2.6	8	-6.60129213333	-4.32262229919
Czech_2.6	9	-5.54659748077	-3.38149809837
Czech_2.6	10	-1.74086165428	-0.0403472557664
North_Sami_2.6	0	1.14456951618	0.443736732006
North_Sami_2.6	1	-0.522673666477	-0.784652709961
North_Sami_2.6	2	-1.41918742657	-1.34152257442
North_Sami_2.6	3	-2.00990962982	-1.74188661575
North_Sami_2.6	4	-2.43057250977	-1.94146192074
North_Sami_2.6	5	-2.69973444939	-2.11859273911
North_Sami_2.6	6	-2.83934950829	-2.11859273911
North_Sami_2.6	7	-2.80647587776	-2.03973317146
North_Sami_2.6	8	-2.60803151131	-1.83955109119
North_Sami_2.6	9	-2.19852972031	-1.43433427811
North_Sami_2.6	10	-1.14456951618	-0.443736732006
Danish_2.6	0	1.01811265945	-0.427848100662
Danish_2.6	1	-2.43907260895	-2.98260879517
Danish_2.6	2	-4.23015165329	-3.83610343933
Danish_2.6	3	-5.41529560089	-4.30060529709
Danish_2.6	4	-6.18529129028	-4.51678609848
Danish_2.6	5	-6.62527084351	-4.5733628273
Danish_2.6	6	-6.76798057556	-4.48156309128
Danish_2.6	7	-6.59502506256	-4.22201442719
Danish_2.6	8	-6.04821205139	-3.73791956902
Danish_2.6	9	-4.87099218369	-2.80627417564
Danish_2.6	10	-1.01811265945	0.427848100662
Norwegian_2.6	0	1.66463935375	-0.2647831738
Norwegian_2.6	1	-1.32567155361	-2.02666974068
Norwegian_2.6	2	-2.95793771744	-2.67706561089
Norwegian_2.6	3	-4.07119703293	-3.0382874012
Norwegian_2.6	4	-4.81371164322	-3.23828744888
Norwegian_2.6	5	-5.25568723679	-3.26095294952
Norwegian_2.6	6	-5.43531322479	-3.17947125435
Norwegian_2.6	7	-5.36550617218	-2.97947144508
Norwegian_2.6	8	-5.04279136658	-2.58019948006
Norwegian_2.6	9	-4.30765342712	-1.88510608673
Norwegian_2.6	10	-1.66463935375	0.2647831738
Sanskrit_2.6	0	-1.73927617073	-1.65994000435
Sanskrit_2.6	1	-3.43874454498	-2.7011179924
Sanskrit_2.6	2	-3.71073865891	-2.85492229462
Sanskrit_2.6	3	-3.71848154068	-2.85492229462
Sanskrit_2.6	4	-3.56078219414	-2.67384791374
Sanskrit_2.6	5	-3.31365418434	-2.47368431091
Sanskrit_2.6	6	-2.92104148865	-2.10444498062
Sanskrit_2.6	7	-2.39897465706	-1.70520865917
Sanskrit_2.6	8	-1.65235543251	-1.12762475014
Sanskrit_2.6	9	-0.551948487759	-0.292064368725
Sanskrit_2.6	10	1.73927617073	1.65994000435
Persian_2.6	0	-1.18340373039	-3.11642622948
Persian_2.6	1	-5.83170795441	-6.17347383499
Persian_2.6	2	-8.06287193298	-7.1741399765
Persian_2.6	3	-9.43951034546	-7.58768033981
Persian_2.6	4	-10.1896343231	-7.68091011047
Persian_2.6	5	-10.4233322144	-7.47225284576
Persian_2.6	6	-10.1280708313	-6.95860147476
Persian_2.6	7	-9.25726032257	-6.04694795609
Persian_2.6	8	-7.70334196091	-4.56281900406
Persian_2.6	9	-5.07652187347	-2.14239740372
Persian_2.6	10	1.18340373039	3.11642622948
Naija_2.6	0	1.26932704449	-0.334447592497
Naija_2.6	1	-1.4084610939	-1.84674727917
Naija_2.6	2	-2.60229229927	-2.28010630608
Naija_2.6	3	-3.3353562355	-2.48015761375
Naija_2.6	4	-3.78079795837	-2.53569889069
Naija_2.6	5	-4.00195932388	-2.53569889069
Naija_2.6	6	-4.03123140335	-2.34336161613
Naija_2.6	7	-3.88373446465	-2.12959623337
Naija_2.6	8	-3.55463194847	-1.7294934988
Naija_2.6	9	-2.98068475723	-1.18573760986
Naija_2.6	10	-1.26932704449	0.334447592497
Irish_2.6	0	4.02266025543	0.833650648594
Irish_2.6	1	-1.54576420784	-3.35054731369
Irish_2.6	2	-4.07995319366	-4.76178026199
Irish_2.6	3	-5.88216400146	-5.65659189224
Irish_2.6	4	-7.16291713715	-6.23298406601
Irish_2.6	5	-8.04327583313	-6.60233211517
Irish_2.6	6	-8.57272720337	-6.78177070618
Irish_2.6	7	-8.80856990814	-6.76939535141
Irish_2.6	8	-8.70520782471	-6.50809144974
Irish_2.6	9	-8.07058906555	-5.75273656845
Irish_2.6	10	-4.02266025543	-0.833650648594
Bulgarian_2.6	0	0.812460124493	-0.36439499259
Bulgarian_2.6	1	-1.88043045998	-2.11283040047
Bulgarian_2.6	2	-3.37766456604	-2.80737137794
Bulgarian_2.6	3	-4.39734745026	-3.21522951126
Bulgarian_2.6	4	-5.07815980911	-3.41515994072
Bulgarian_2.6	5	-5.48774147034	-3.49860906601
Bulgarian_2.6	6	-5.62356281281	-3.46157860756
Bulgarian_2.6	7	-5.49622821808	-3.2616481781
Bulgarian_2.6	8	-5.03804063797	-2.84127259254
Bulgarian_2.6	9	-4.00086975098	-2.07353973389
Bulgarian_2.6	10	-0.812460124493	0.36439499259
Faroese_2.6	0	-0.424855142832	-0.760191857815
Faroese_2.6	1	-1.5072927475	-1.46043169498
Faroese_2.6	2	-2.0609793663	-1.7162270546
Faroese_2.6	3	-2.40335607529	-1.8345323801
Faroese_2.6	4	-2.57662296295	-1.8345323801
Faroese_2.6	5	-2.5769431591	-1.72741806507
Faroese_2.6	6	-2.41230773926	-1.52757799625
Faroese_2.6	7	-2.08079886436	-1.22382092476
Faroese_2.6	8	-1.59488487244	-0.824140667915
Faroese_2.6	9	-0.910449445248	-0.227817744017
Faroese_2.6	10	0.424855142832	0.760191857815
Classical_Chinese_2.6	0	1.11147809029	0.864249408245
Classical_Chinese_2.6	1	-0.25770008564	-0.278464347124
Classical_Chinese_2.6	2	-0.940204918385	-0.819835662842
Classical_Chinese_2.6	3	-1.42492210865	-1.21981060505
Classical_Chinese_2.6	4	-1.76841807365	-1.42945861816
Classical_Chinese_2.6	5	-1.97208058834	-1.62944602966
Classical_Chinese_2.6	6	-2.06053876877	-1.65642058849
Classical_Chinese_2.6	7	-2.06053876877	-1.65642058849
Classical_Chinese_2.6	8	-2.00604867935	-1.63659739494
Classical_Chinese_2.6	9	-1.77682447433	-1.43660998344
Classical_Chinese_2.6	10	-1.11147809029	-0.864249408245
Coptic_2.6	0	3.79811215401	0.674183726311
Coptic_2.6	1	-0.172339990735	-1.57669723034
Coptic_2.6	2	-2.35691690445	-2.44491434097
Coptic_2.6	3	-3.92785191536	-2.9828517437
Coptic_2.6	4	-5.03103590012	-3.33991074562
Coptic_2.6	5	-5.79038667679	-3.54005169868
Coptic_2.6	6	-6.23690128326	-3.56448197365
Coptic_2.6	7	-6.37621927261	-3.45689463615
Coptic_2.6	8	-6.23746204376	-3.19520783424
Coptic_2.6	9	-5.76492547989	-2.6957950592
Coptic_2.6	10	-3.79811215401	-0.674183726311
Catalan_2.6	0	4.51168870926	1.06282782555
Catalan_2.6	1	-1.37481129169	-3.17413306236
Catalan_2.6	2	-4.73425245285	-4.96529006958
Catalan_2.6	3	-7.12557411194	-6.07950925827
Catalan_2.6	4	-8.83119106293	-6.77239942551
Catalan_2.6	5	-9.97060394287	-7.17121934891
Catalan_2.6	6	-10.6133356094	-7.29898738861
Catalan_2.6	7	-10.7772321701	-7.1947479248
Catalan_2.6	8	-10.3969192505	-6.7244682312
Catalan_2.6	9	-9.12617778778	-5.49785089493
Catalan_2.6	10	-4.51168870926	-1.06282782555
Armenian_2.6	0	-0.666405320168	-0.324376195669
Armenian_2.6	1	-4.45310735703	-3.6033270359
Armenian_2.6	2	-5.81815814972	-4.55278301239
Armenian_2.6	3	-6.56669807434	-5.02303266525
Armenian_2.6	4	-6.91288518906	-5.19833660126
Armenian_2.6	5	-6.93386888504	-5.19833660126
Armenian_2.6	6	-6.66814661026	-5.02559185028
Armenian_2.6	7	-6.08157491684	-4.67370462418
Armenian_2.6	8	-5.08113336563	-4.05950117111
Armenian_2.6	9	-3.41518473625	-2.99360203743
Armenian_2.6	10	0.666405320168	0.324376195669
Greek_2.6	0	2.09203481674	0.0357741750777
Greek_2.6	1	-2.94664382935	-3.64393520355
Greek_2.6	2	-5.83192634583	-5.23309087753
Greek_2.6	3	-7.83856773376	-6.27669095993
Greek_2.6	4	-9.19872093201	-6.95025157928
Greek_2.6	5	-10.0553379059	-7.28563451767
Greek_2.6	6	-10.4415111542	-7.35941886902
Greek_2.6	7	-10.370423317	-7.16377878189
Greek_2.6	8	-9.70940589905	-6.5634431839
Greek_2.6	9	-8.03774261475	-5.09781980515
Greek_2.6	10	-2.09203481674	-0.0357741750777
Lithuanian_2.6	0	4.05822658539	2.57303643227
Lithuanian_2.6	1	-0.951884329319	-1.62532234192
Lithuanian_2.6	2	-3.52431130409	-3.4963657856
Lithuanian_2.6	3	-5.2846159935	-4.63165283203
Lithuanian_2.6	4	-6.53604364395	-5.33177042007
Lithuanian_2.6	5	-7.39514160156	-5.76553344727
Lithuanian_2.6	6	-7.90279912949	-5.97608423233
Lithuanian_2.6	7	-8.05320835114	-5.9845252037
Lithuanian_2.6	8	-7.80406475067	-5.74302482605
Lithuanian_2.6	9	-6.99259853363	-5.16764354706
Lithuanian_2.6	10	-4.05822658539	-2.57303643227
Russian_2.6	0	2.17635560036	0.106552220881
Russian_2.6	1	-1.21199202538	-2.18644189835
Russian_2.6	2	-3.10495567322	-3.14874339104
Russian_2.6	3	-4.44184827805	-3.73928952217
Russian_2.6	4	-5.38490962982	-4.09654712677
Russian_2.6	5	-5.99823999405	-4.29656457901
Russian_2.6	6	-6.3060631752	-4.311170578
Russian_2.6	7	-6.32133054733	-4.16458654404
Russian_2.6	8	-6.01196956635	-3.80353116989
Russian_2.6	9	-5.18315219879	-2.9869453907
Russian_2.6	10	-2.17635560036	-0.106552220881
Spanish_2.6	0	4.30296611786	0.937637865543
Spanish_2.6	1	-1.29827439785	-3.00938439369
Spanish_2.6	2	-4.54708337784	-4.69880151749
Spanish_2.6	3	-6.88894844055	-5.75814628601
Spanish_2.6	4	-8.57793617249	-6.43208217621
Spanish_2.6	5	-9.72606086731	-6.83983945847
Spanish_2.6	6	-10.3909912109	-6.98437309265
Spanish_2.6	7	-10.5776767731	-6.89323329926
Spanish_2.6	8	-10.2215690613	-6.45692682266
Spanish_2.6	9	-8.99368667603	-5.28084802628
Spanish_2.6	10	-4.30296611786	-0.937637865543
Italian_2.6	0	2.09894537926	0.0551757030189
Italian_2.6	1	-2.68152403831	-3.10998034477
Italian_2.6	2	-5.18155431747	-4.40038156509
Italian_2.6	3	-6.90551233292	-5.18232870102
Italian_2.6	4	-8.07199954987	-5.65861034393
Italian_2.6	5	-8.78262138367	-5.89897727966
Italian_2.6	6	-9.09602928162	-5.91318178177
Italian_2.6	7	-9.01865005493	-5.71267271042
Italian_2.6	8	-8.46765232086	-5.20739936829
Italian_2.6	9	-7.11556959152	-4.1095032692
Italian_2.6	10	-2.09894537926	-0.0551757030189
Japanese_2.6	0	0.117993950844	0.131997987628
Japanese_2.6	1	-2.92747831345	-2.6389901638
Japanese_2.6	2	-3.73004603386	-3.04185700417
Japanese_2.6	3	-4.04756307602	-3.04185700417
Japanese_2.6	4	-4.12301683426	-3.04185700417
Japanese_2.6	5	-4.12301397324	-3.04185700417
Japanese_2.6	6	-4.12301445007	-3.04185700417
Japanese_2.6	7	-4.04945135117	-3.04185700417
Japanese_2.6	8	-3.73494911194	-3.04185700417
Japanese_2.6	9	-2.94177603722	-2.67043399811
Japanese_2.6	10	-0.117993950844	-0.131997987628
Portuguese_2.6	0	4.80776023865	1.44332683086
Portuguese_2.6	1	-0.293546557426	-2.05592370033
Portuguese_2.6	2	-3.29000091553	-3.58475160599
Portuguese_2.6	3	-5.49429273605	-4.56933021545
Portuguese_2.6	4	-7.13648176193	-5.21723365784
Portuguese_2.6	5	-8.29072666168	-5.63517951965
Portuguese_2.6	6	-9.02717876434	-5.83249521255
Portuguese_2.6	7	-9.36445903778	-5.82989692688
Portuguese_2.6	8	-9.25592803955	-5.56749820709
Portuguese_2.6	9	-8.4681558609	-4.81527519226
Portuguese_2.6	10	-4.80776023865	-1.44332683086
Yoruba_2.6	0	3.53100609779	0.651469111443
Yoruba_2.6	1	-0.678891479969	-2.85207700729
Yoruba_2.6	2	-3.06828212738	-4.04559278488
Yoruba_2.6	3	-4.7441368103	-4.73860168457
Yoruba_2.6	4	-5.94835329056	-5.13171243668
Yoruba_2.6	5	-6.74981498718	-5.3201622963
Yoruba_2.6	6	-7.15135478973	-5.3201622963
Yoruba_2.6	7	-7.19511461258	-5.12563323975
Yoruba_2.6	8	-6.91432094574	-4.67781162262
Yoruba_2.6	9	-6.1420340538	-3.83890581131
Yoruba_2.6	10	-3.53100609779	-0.651469111443
Kurmanji_2.6	0	1.39680397511	0.212636694312
Kurmanji_2.6	1	-0.564406871796	-1.15309846401
Kurmanji_2.6	2	-1.71994781494	-1.80923449993
Kurmanji_2.6	3	-2.5708091259	-2.21506690979
Kurmanji_2.6	4	-3.23167443275	-2.44349932671
Kurmanji_2.6	5	-3.64471340179	-2.58687734604
Kurmanji_2.6	6	-3.82790970802	-2.58687734604
Kurmanji_2.6	7	-3.80215597153	-2.41919803619
Kurmanji_2.6	8	-3.52517580986	-2.12515187263
Kurmanji_2.6	9	-2.90561509132	-1.57837176323
Kurmanji_2.6	10	-1.39680397511	-0.212636694312
Mbya_Guarani_2.6	0	-0.226271390915	-0.171290919185
Mbya_Guarani_2.6	1	-0.727583169937	-0.537464678288
Mbya_Guarani_2.6	2	-0.84345972538	-0.537464678288
Mbya_Guarani_2.6	3	-0.866714954376	-0.537464678288
Mbya_Guarani_2.6	4	-0.866714894772	-0.537464678288
Mbya_Guarani_2.6	5	-0.866714894772	-0.537464678288
Mbya_Guarani_2.6	6	-0.866714894772	-0.537464678288
Mbya_Guarani_2.6	7	-0.866714894772	-0.537464678288
Mbya_Guarani_2.6	8	-0.809574067593	-0.537464678288
Mbya_Guarani_2.6	9	-0.617885947227	-0.488619357347
Mbya_Guarani_2.6	10	0.226271390915	0.171290919185
Wolof_2.6	0	1.75993907452	-0.210301339626
Wolof_2.6	1	-1.26112866402	-2.0380423069
Wolof_2.6	2	-2.80721783638	-2.60653996468
Wolof_2.6	3	-3.7809047699	-2.86257743835
Wolof_2.6	4	-4.37792205811	-2.96217131615
Wolof_2.6	5	-4.6851067543	-2.96217131615
Wolof_2.6	6	-4.76544904709	-2.8078649044
Wolof_2.6	7	-4.6390376091	-2.60782217979
Wolof_2.6	8	-4.30826663971	-2.22397947311
Wolof_2.6	9	-3.65398097038	-1.59478521347
Wolof_2.6	10	-1.75993907452	0.210301339626
Dutch_2.6	0	-4.21393489838	-3.60192346573
Dutch_2.6	1	-6.63830041885	-5.01285219193
Dutch_2.6	2	-7.39164352417	-5.21789073944
Dutch_2.6	3	-7.571641922	-5.13524532318
Dutch_2.6	4	-7.33575344086	-4.88015985489
Dutch_2.6	5	-6.81462049484	-4.48012590408
Dutch_2.6	6	-6.02475357056	-3.88892674446
Dutch_2.6	7	-4.92617368698	-3.10724306107
Dutch_2.6	8	-3.38767719269	-2.0044260025
Dutch_2.6	9	-1.04132711887	-0.30394077301
Dutch_2.6	10	4.21393489838	3.60192346573
Erzya_2.6	0	1.78137755394	1.09200000763
Erzya_2.6	1	-0.420582443476	-0.669333338737
Erzya_2.6	2	-1.51156497002	-1.38399994373
Erzya_2.6	3	-2.25808167458	-1.85599994659
Erzya_2.6	4	-2.76571154594	-2.18400001526
Erzya_2.6	5	-3.06831932068	-2.38400006294
Erzya_2.6	6	-3.23388671875	-2.47333335876
Erzya_2.6	7	-3.24055218697	-2.47333335876
Erzya_2.6	8	-3.09311532974	-2.31999993324
Erzya_2.6	9	-2.77664518356	-2.03333330154
Erzya_2.6	10	-1.78137755394	-1.09200000763
Urdu_2.6	0	-7.34928369522	-4.75119018555
Urdu_2.6	1	-10.706902504	-8.71446037292
Urdu_2.6	2	-11.4844932556	-9.58155345917
Urdu_2.6	3	-11.4336280823	-9.63351917267
Urdu_2.6	4	-10.8561353683	-9.32471752167
Urdu_2.6	5	-9.81827926636	-8.7416677475
Urdu_2.6	6	-8.2694644928	-7.85498571396
Urdu_2.6	7	-6.15643453598	-6.54985713959
Urdu_2.6	8	-3.36999678612	-4.64617061615
Urdu_2.6	9	0.524529516697	-1.69364714622
Urdu_2.6	10	7.34928369522	4.75119018555
Afrikaans_2.6	0	-1.21942090988	-1.75049734116
Afrikaans_2.6	1	-5.93754529953	-5.58056259155
Afrikaans_2.6	2	-8.03112697601	-6.62119913101
Afrikaans_2.6	3	-9.24861621857	-7.05257177353
Afrikaans_2.6	4	-9.86617279053	-7.1474852562
Afrikaans_2.6	5	-9.96310997009	-7.01221942902
Afrikaans_2.6	6	-9.60501480103	-6.6996307373
Afrikaans_2.6	7	-8.76358127594	-6.18414306641
Afrikaans_2.6	8	-7.27038288116	-5.26570034027
Afrikaans_2.6	9	-4.75744724274	-3.48792266846
Afrikaans_2.6	10	1.21942090988	1.75049734116
Romanian_2.6	0	1.02641987801	-0.620276272297
Romanian_2.6	1	-2.31504273415	-2.69991135597
Romanian_2.6	2	-4.03861379623	-3.44293498993
Romanian_2.6	3	-5.19123220444	-3.84906864166
Romanian_2.6	4	-5.9310760498	-4.0490937233
Romanian_2.6	5	-6.32138204575	-4.05771112442
Romanian_2.6	6	-6.41494131088	-3.94669866562
Romanian_2.6	7	-6.22201728821	-3.67879867554
Romanian_2.6	8	-5.69107723236	-3.19313144684
Romanian_2.6	9	-4.59111499786	-2.31897091866
Romanian_2.6	10	-1.02641987801	0.620276272297
Amharic_2.6	0	-0.859621822834	-0.141108244658
Amharic_2.6	1	-1.94316804409	-0.94265460968
Amharic_2.6	2	-2.27583265305	-1.22615981102
Amharic_2.6	3	-2.41059923172	-1.42590200901
Amharic_2.6	4	-2.40596222878	-1.4439432621
Amharic_2.6	5	-2.26037287712	-1.4439432621
Amharic_2.6	6	-2.0055270195	-1.36018037796
Amharic_2.6	7	-1.61436748505	-1.16043817997
Amharic_2.6	8	-1.10287213326	-0.96069586277
Amharic_2.6	9	-0.380852073431	-0.57925260067
Amharic_2.6	10	0.859621822834	0.141108244658
Old_Russian_2.6	0	1.99107575417	0.802514910698
Old_Russian_2.6	1	-1.35080361366	-1.80976951122
Old_Russian_2.6	2	-2.56400370598	-2.54118967056
Old_Russian_2.6	3	-3.36942052841	-2.97420597076
Old_Russian_2.6	4	-3.91001939774	-3.21828150749
Old_Russian_2.6	5	-4.24943590164	-3.40577149391
Old_Russian_2.6	6	-4.43121480942	-3.40577149391
Old_Russian_2.6	7	-4.46550941467	-3.40415930748
Old_Russian_2.6	8	-4.32899332047	-3.20425605774
Old_Russian_2.6	9	-3.96900939941	-2.86635494232
Old_Russian_2.6	10	-1.99107575417	-0.802514910698
German_2.6	0	-6.28440666199	-4.86838960648
German_2.6	1	-8.4100894928	-6.22261714935
German_2.6	2	-8.92437934875	-6.30564308167
German_2.6	3	-8.78454208374	-6.06589174271
German_2.6	4	-8.22356128693	-5.61301469803
German_2.6	5	-7.3012213707	-4.97087955475
German_2.6	6	-6.02707052231	-4.0964550972
German_2.6	7	-4.36054086685	-2.9557967186
German_2.6	8	-2.18777537346	-1.40275204182
German_2.6	9	0.784900426865	0.779614806175
German_2.6	10	6.28440666199	4.86838960648
Turkish_2.6	0	-1.24555420876	-0.422705322504
Turkish_2.6	1	-3.11323523521	-2.22252416611
Turkish_2.6	2	-3.68830251694	-2.73671507835
Turkish_2.6	3	-3.92037940025	-2.94867157936
Turkish_2.6	4	-3.93897485733	-2.98399758339
Turkish_2.6	5	-3.78592681885	-2.92753624916
Turkish_2.6	6	-3.48598766327	-2.7276570797
Turkish_2.6	7	-3.00492405891	-2.44625592232
Turkish_2.6	8	-2.27505779266	-2.01117157936
Turkish_2.6	9	-1.12299394608	-1.32035028934
Turkish_2.6	10	1.24555420876	0.422705322504
Latvian_2.6	0	0.288357853889	-0.695001363754
Latvian_2.6	1	-2.98510766029	-3.08366751671
Latvian_2.6	2	-4.50228214264	-3.84827589989
Latvian_2.6	3	-5.42787981033	-4.19577646255
Latvian_2.6	4	-5.94518232346	-4.34268903732
Latvian_2.6	5	-6.13253498077	-4.32226657867
Latvian_2.6	6	-6.02377653122	-4.12221336365
Latvian_2.6	7	-5.6268453598	-3.73151564598
Latvian_2.6	8	-4.91934871674	-3.14151287079
Latvian_2.6	9	-3.72328662872	-2.19085812569
Latvian_2.6	10	-0.288357853889	0.695001363754
